player_id,player_name,valuation_date,season,club,position,age,market_value_in_eur,baseline_pred_eur,model_a_ridge_pred_eur,model_b_ridge_pred_eur
95424,Kyle Walker,2025-10-17,2025,Burnley FC,Defender,35.4,3000000.0,5000000.0,2606950.0,1595030.0
111873,Emiliano Martínez,2025-10-17,2025,Aston Villa,Goalkeeper,33.1,16000000.0,6000000.0,3589159.0,4084574.0
148455,Mohamed Salah,2025-10-17,2025,Liverpool FC,Attack,33.3,45000000.0,8000000.0,7838554.0,17753318.0
240306,Bruno Fernandes,2025-10-17,2025,Manchester United,Midfield,31.1,45000000.0,7000000.0,8517391.0,17395311.0
258004,Rúben Dias,2025-10-17,2025,Manchester City,Defender,28.4,60000000.0,16000000.0,5941973.0,18326820.0
258919,Dean Henderson,2025-10-17,2025,Crystal Palace,Goalkeeper,28.6,25000000.0,17000000.0,6666317.0,4619896.0
277033,David Brooks,2025-10-17,2025,AFC Bournemouth,Attack,28.3,12000000.0,20000000.0,6960673.0,5762546.0
284857,Marc Cucurella,2025-10-17,2025,Chelsea FC,Defender,27.2,45000000.0,16000000.0,11381585.0,18846229.0
314241,Josh Laurent,2025-10-17,2025,Burnley FC,Midfield,30.5,2000000.0,7000000.0,4952897.0,3164491.0
324358,Ollie Watkins,2025-10-17,2025,Aston Villa,Attack,29.8,35000000.0,8000000.0,6113318.0,9973902.0
332705,Tyler Adams,2025-10-17,2025,AFC Bournemouth,Midfield,26.7,20000000.0,18000000.0,8823656.0,6771580.0
344069,Anton Stach,2025-10-17,2025,Leeds United,Midfield,26.9,20000000.0,18000000.0,13956119.0,10719081.0
346314,Trevoh Chalobah,2025-10-17,2025,Chelsea FC,Defender,26.3,32000000.0,16000000.0,14748927.0,25018241.0
346707,Sean Longstaff,2025-10-17,2025,Leeds United,Midfield,28.0,16000000.0,18000000.0,12768729.0,9107537.0
353032,Omar Alderete,2025-10-17,2025,Sunderland AFC,Defender,28.8,10000000.0,16000000.0,9593481.0,2428256.0
355915,Cristian Romero,2025-10-17,2025,Tottenham Hotspur,Defender,27.5,55000000.0,16000000.0,8711163.0,14827501.0
357119,Ibrahima Konaté,2025-10-17,2025,Liverpool FC,Defender,26.4,55000000.0,16000000.0,7740455.0,17351729.0
362108,Gabriel Gudmundsson,2025-10-17,2025,Leeds United,Defender,26.5,12000000.0,16000000.0,7857574.0,6783886.0
365108,Dan Ndoye,2025-10-17,2025,Nottingham Forest,Attack,25.0,40000000.0,25000000.0,14482506.0,18564827.0
378710,Richarlison,2025-10-17,2025,Tottenham Hotspur,Attack,28.4,25000000.0,20000000.0,19526411.0,29184216.0
392757,Marc Guéhi,2025-10-17,2025,Crystal Palace,Defender,25.3,50000000.0,16000000.0,14752864.0,8539571.0
392775,Ryan Sessegnon,2025-10-17,2025,Fulham FC,Defender,25.4,18000000.0,16000000.0,15790597.0,10336579.0
397033,Sandro Tonali,2025-10-17,2025,Newcastle United,Midfield,25.4,75000000.0,18000000.0,12982233.0,11830229.0
410708,Pascal Struijk,2025-10-17,2025,Leeds United,Defender,26.2,20000000.0,16000000.0,8269578.0,7127938.0
413039,Bryan Mbeumo,2025-10-17,2025,Manchester United,Attack,26.2,70000000.0,20000000.0,12046961.0,28493084.0
420002,Jean-Philippe Mateta,2025-10-17,2025,Crystal Palace,Attack,28.3,35000000.0,20000000.0,9595638.0,8848062.0
420243,Jurriën Timber,2025-10-17,2025,Arsenal FC,Defender,24.3,60000000.0,18000000.0,30111028.0,29427300.0
423440,Martín Zubimendi,2025-10-17,2025,Arsenal FC,Midfield,26.7,70000000.0,18000000.0,14903163.0,25450405.0
429014,Morgan Gibbs-White,2025-10-17,2025,Nottingham Forest,Midfield,25.7,65000000.0,18000000.0,12349273.0,14513568.0
434224,Maxence Lacroix,2025-10-17,2025,Crystal Palace,Defender,25.5,32000000.0,16000000.0,11196065.0,7279968.0
444523,Lucas Paquetá,2025-10-17,2025,West Ham United,Midfield,28.1,35000000.0,18000000.0,12454902.0,11803085.0
451276,Dominik Szoboszlai,2025-10-17,2025,Liverpool FC,Midfield,25.0,85000000.0,21500000.0,14243108.0,32433866.0
460939,Tijjani Reijnders,2025-10-17,2025,Manchester City,Midfield,27.2,70000000.0,18000000.0,16785764.0,39248370.0
461883,Calvin Bassey,2025-10-17,2025,Fulham FC,Defender,25.8,28000000.0,16000000.0,8695233.0,8076165.0
463605,Bafodé Diakité,2025-10-17,2025,AFC Bournemouth,Defender,24.8,35000000.0,18000000.0,9592728.0,6225293.0
465555,Djordje Petrovic,2025-10-17,2025,AFC Bournemouth,Goalkeeper,26.0,28000000.0,17000000.0,9237873.0,5399440.0
465717,Jayden Bogle,2025-10-17,2025,Leeds United,Defender,25.2,10000000.0,16000000.0,11574883.0,8489291.0
467623,Lyle Foster,2025-10-17,2025,Burnley FC,Attack,25.1,8000000.0,20000000.0,13906768.0,8206531.0
469050,Nathan Collins,2025-10-17,2025,Brentford FC,Defender,24.5,35000000.0,18000000.0,10235857.0,11142346.0
475188,Kiernan Dewsbury-Hall,2025-10-17,2025,Everton FC,Midfield,27.1,25000000.0,18000000.0,14272261.0,14194068.0
478573,Ryan Gravenberch,2025-10-17,2025,Liverpool FC,Midfield,23.4,90000000.0,21500000.0,30421938.0,49276985.0
487465,Pedro Neto,2025-10-17,2025,Chelsea FC,Attack,25.6,55000000.0,20000000.0,10240234.0,29986146.0
502821,Riccardo Calafiori,2025-10-17,2025,Arsenal FC,Defender,23.4,40000000.0,18000000.0,24785963.0,27564123.0
503680,Neco Williams,2025-10-17,2025,Nottingham Forest,Defender,24.5,24000000.0,18000000.0,13153346.0,13962058.0
503743,Morgan Rogers,2025-10-17,2025,Aston Villa,Midfield,23.2,65000000.0,21500000.0,21371298.0,20562124.0
504849,Kaoru Mitoma,2025-10-17,2025,Brighton & Hove Albion,Attack,28.4,35000000.0,20000000.0,9690298.0,10089903.0
505219,James Garner,2025-10-17,2025,Everton FC,Midfield,24.6,22000000.0,21500000.0,18571134.0,18581015.0
515544,Trai Hume,2025-10-17,2025,Sunderland AFC,Defender,23.6,15000000.0,18000000.0,11379074.0,3537192.0
541231,Sepp van den Berg,2025-10-17,2025,Brentford FC,Defender,23.8,25000000.0,18000000.0,11175590.0,12038378.0
543499,Mohammed Kudus,2025-10-17,2025,Tottenham Hotspur,Attack,25.2,55000000.0,20000000.0,32574762.0,40339775.0
553875,Pedro Porro,2025-10-17,2025,Tottenham Hotspur,Defender,26.1,40000000.0,16000000.0,7940085.0,15067232.0
557459,Micky van de Ven,2025-10-17,2025,Tottenham Hotspur,Defender,24.5,55000000.0,18000000.0,13122266.0,21884107.0
565093,Bart Verbruggen,2025-10-17,2025,Brighton & Hove Albion,Goalkeeper,23.2,35000000.0,15000000.0,13126741.0,10236692.0
567576,Elliot Anderson,2025-10-17,2025,Nottingham Forest,Midfield,22.9,45000000.0,21500000.0,17888225.0,20767209.0
576314,Jan Paul van Hecke,2025-10-17,2025,Brighton & Hove Albion,Defender,25.4,35000000.0,16000000.0,11748735.0,9568272.0
578539,Chris Richards,2025-10-17,2025,Crystal Palace,Defender,25.6,22000000.0,16000000.0,8916207.0,6685477.0
583255,Antoine Semenyo,2025-10-17,2025,AFC Bournemouth,Attack,25.8,55000000.0,20000000.0,67924974.0,22333902.0
598577,Florian Wirtz,2025-10-17,2025,Liverpool FC,Midfield,22.5,130000000.0,21500000.0,13830531.0,33315597.0
623570,Iliman Ndiaye,2025-10-17,2025,Everton FC,Attack,25.6,35000000.0,20000000.0,22191672.0,22581460.0
626724,João Pedro,2025-10-17,2025,Chelsea FC,Attack,24.1,65000000.0,25000000.0,32671929.0,54031239.0
646991,Robin Roefs,2025-10-17,2025,Sunderland AFC,Goalkeeper,22.7,12000000.0,15000000.0,13976687.0,3793354.0
648195,Enzo Fernández,2025-10-17,2025,Chelsea FC,Midfield,24.7,80000000.0,21500000.0,30592659.0,48458368.0
667287,Yasin Ayari,2025-10-17,2025,Brighton & Hove Albion,Midfield,22.0,28000000.0,21500000.0,20432303.0,17674542.0
684210,Jaidon Anthony,2025-10-17,2025,Burnley FC,Attack,25.9,14000000.0,20000000.0,27921629.0,11749986.0
687626,Moisés Caicedo,2025-10-17,2025,Chelsea FC,Midfield,24.0,100000000.0,21500000.0,26663885.0,48609345.0
711337,Evanilson,2025-10-17,2025,AFC Bournemouth,Attack,26.0,40000000.0,20000000.0,12309269.0,9426381.0
717411,Yegor Yarmolyuk,2025-10-17,2025,Brentford FC,Midfield,21.6,20000000.0,21500000.0,20891073.0,21554788.0
727089,Noah Sadiki,2025-10-17,2025,Sunderland AFC,Midfield,20.8,17000000.0,18000000.0,18702503.0,6424972.0
739443,Igor Thiago,2025-10-17,2025,Brentford FC,Attack,24.3,22000000.0,25000000.0,28032539.0,27326015.0
743384,Chemsdine Talbi,2025-10-17,2025,Sunderland AFC,Attack,20.4,20000000.0,22000000.0,18805449.0,6910905.0
744149,Adam Wharton,2025-10-17,2025,Crystal Palace,Midfield,21.7,60000000.0,21500000.0,15453497.0,12429049.0
823486,Michael Kayode,2025-10-17,2025,Brentford FC,Defender,21.3,20000000.0,18000000.0,15176309.0,15721212.0
842341,Maxime Estève,2025-10-17,2025,Burnley FC,Defender,23.4,24000000.0,18000000.0,11698212.0,5973888.0
855256,Alex Scott,2025-10-17,2025,AFC Bournemouth,Midfield,22.2,25000000.0,21500000.0,19928146.0,11958770.0
1011131,Josh King,2025-10-17,2025,Fulham FC,Midfield,18.8,10000000.0,18000000.0,21833738.0,20588075.0
1012534,Yankuba Minteh,2025-10-17,2025,Brighton & Hove Albion,Attack,21.2,35000000.0,25000000.0,28353882.0,23865922.0
1111589,El Hadji Malick Diouf,2025-10-17,2025,West Ham United,Defender,20.8,25000000.0,15000000.0,31050007.0,19029519.0
16306,Casemiro,2025-12-09,2025,Manchester United,Midfield,33.8,8000000.0,7000000.0,6927566.0,12910200.0
61651,Jordan Henderson,2025-12-09,2025,Brentford FC,Midfield,35.5,2000000.0,7000000.0,4601516.0,5269897.0
67063,Danny Welbeck,2025-12-09,2025,Brighton & Hove Albion,Attack,35.0,4000000.0,8000000.0,7554781.0,6894181.0
72476,Bernd Leno,2025-12-09,2025,Fulham FC,Goalkeeper,33.8,8000000.0,6000000.0,4317017.0,4029573.0
74960,Martin Dúbravka,2025-12-09,2025,Burnley FC,Goalkeeper,36.9,750000.0,6000000.0,2925839.0,1632082.0
95424,Kyle Walker,2025-12-09,2025,Burnley FC,Defender,35.5,2500000.0,5000000.0,3539619.0,2048746.0
95810,Kieran Trippier,2025-12-09,2025,Newcastle United,Defender,35.2,2500000.0,5000000.0,2630719.0,2764861.0
99397,Karl Darlow,2025-12-09,2025,Leeds United,Goalkeeper,35.2,200000.0,6000000.0,2757744.0,2398364.0
105470,Alisson,2025-12-09,2025,Liverpool FC,Goalkeeper,33.2,17000000.0,6000000.0,4061738.0,9016315.0
108725,Chris Wood,2025-12-09,2025,Nottingham Forest,Attack,34.0,8000000.0,8000000.0,4637708.0,7182381.0
110864,Sam Johnstone,2025-12-09,2025,Wolverhampton Wanderers,Goalkeeper,32.7,5000000.0,6000000.0,4444193.0,5720549.0
111455,Granit Xhaka,2025-12-09,2025,Sunderland AFC,Midfield,33.2,10000000.0,7000000.0,8237174.0,2491280.0
111873,Emiliano Martínez,2025-12-09,2025,Aston Villa,Goalkeeper,33.3,15000000.0,6000000.0,4235746.0,4872253.0
118534,Michael Keane,2025-12-09,2025,Everton FC,Defender,32.9,4000000.0,5000000.0,5487343.0,6228229.0
120629,Alphonse Areola,2025-12-09,2025,West Ham United,Goalkeeper,32.8,7000000.0,6000000.0,5032718.0,4572780.0
123682,Callum Wilson,2025-12-09,2025,West Ham United,Attack,33.8,5000000.0,8000000.0,8738488.0,7556661.0
126664,Lucas Digne,2025-12-09,2025,Aston Villa,Defender,32.4,8000000.0,5000000.0,5813195.0,5480653.0
126665,Idrissa Gueye,2025-12-09,2025,Everton FC,Midfield,36.2,1000000.0,7000000.0,4015238.0,5262649.0
127202,Matz Sels,2025-12-09,2025,Nottingham Forest,Goalkeeper,33.8,6000000.0,6000000.0,4317017.0,5259086.0
130164,Jordan Pickford,2025-12-09,2025,Everton FC,Goalkeeper,31.8,15000000.0,6000000.0,5548467.0,6172294.0
131996,Bertrand Traoré,2025-12-09,2025,Sunderland AFC,Attack,30.3,5000000.0,8000000.0,5356242.0,2349008.0
134270,Dan Burn,2025-12-09,2025,Newcastle United,Defender,33.6,5000000.0,5000000.0,5370744.0,4490928.0
135343,Fabian Schär,2025-12-09,2025,Newcastle United,Defender,34.0,6000000.0,5000000.0,2794818.0,2817043.0
139208,Virgil van Dijk,2025-12-09,2025,Liverpool FC,Defender,34.4,18000000.0,5000000.0,3675338.0,9452332.0
144028,Leandro Trossard,2025-12-09,2025,Arsenal FC,Attack,31.0,20000000.0,8000000.0,15476591.0,22239106.0
148153,Lewis Dunk,2025-12-09,2025,Brighton & Hove Albion,Defender,34.1,4000000.0,5000000.0,3707809.0,3863078.0
148455,Mohamed Salah,2025-12-09,2025,Liverpool FC,Attack,33.5,30000000.0,8000000.0,7689371.0,19205516.0
173504,James Tarkowski,2025-12-09,2025,Everton FC,Defender,33.1,7000000.0,5000000.0,4783477.0,5749447.0
183288,Luke Shaw,2025-12-09,2025,Manchester United,Defender,30.4,10000000.0,5000000.0,6482118.0,13341317.0
192080,Nick Pope,2025-12-09,2025,Newcastle United,Goalkeeper,33.6,7000000.0,6000000.0,4045407.0,3729026.0
193116,John McGinn,2025-12-09,2025,Aston Villa,Midfield,31.1,15000000.0,7000000.0,7295042.0,8999901.0
199527,Jacob Murphy,2025-12-09,2025,Newcastle United,Attack,30.8,15000000.0,8000000.0,7183005.0,7497178.0
203460,Jack Grealish,2025-12-09,2025,Everton FC,Attack,30.2,25000000.0,8000000.0,10834016.0,12893017.0
206040,Raúl Jiménez,2025-12-09,2025,Fulham FC,Attack,34.6,4000000.0,8000000.0,4927793.0,4961037.0
206746,Kenny Tete,2025-12-09,2025,Fulham FC,Defender,30.2,11000000.0,5000000.0,6492912.0,6008569.0
207014,Will Hughes,2025-12-09,2025,Crystal Palace,Midfield,30.6,6000000.0,7000000.0,4271047.0,3681419.0
240306,Bruno Fernandes,2025-12-09,2025,Manchester United,Midfield,31.3,40000000.0,7000000.0,18260532.0,25731389.0
240692,Reinildo Mandava,2025-12-09,2025,Sunderland AFC,Defender,31.9,5000000.0,5000000.0,5028304.0,1606278.0
241641,Bernardo Silva,2025-12-09,2025,Manchester City,Midfield,31.3,27000000.0,7000000.0,6510834.0,19572640.0
242606,Josh Cullen,2025-12-09,2025,Burnley FC,Midfield,29.7,7000000.0,7000000.0,10424693.0,5635082.0
242631,Alex Iwobi,2025-12-09,2025,Fulham FC,Attack,29.6,25000000.0,8000000.0,9188604.0,10489772.0
245056,Saša Lukić,2025-12-09,2025,Fulham FC,Midfield,29.3,12000000.0,7000000.0,10608005.0,8295033.0
249565,Youri Tielemans,2025-12-09,2025,Aston Villa,Midfield,28.6,35000000.0,18000000.0,8169003.0,9545430.0
253677,Tyrone Mings,2025-12-09,2025,Aston Villa,Defender,32.7,4000000.0,5000000.0,3361389.0,4235866.0
257455,João Palhinha,2025-12-09,2025,Tottenham Hotspur,Midfield,30.4,25000000.0,7000000.0,10401030.0,17606274.0
258004,Rúben Dias,2025-12-09,2025,Manchester City,Defender,28.6,60000000.0,16000000.0,9250883.0,25790198.0
258878,Tosin Adarabioyo,2025-12-09,2025,Chelsea FC,Defender,28.2,20000000.0,16000000.0,5777300.0,13246510.0
258919,Dean Henderson,2025-12-09,2025,Crystal Palace,Goalkeeper,28.7,28000000.0,17000000.0,8186652.0,5732254.0
260827,Joachim Andersen,2025-12-09,2025,Fulham FC,Defender,29.5,25000000.0,5000000.0,6413923.0,6304170.0
262226,Timothy Castagne,2025-12-09,2025,Fulham FC,Defender,30.0,10000000.0,5000000.0,4284491.0,4002384.0
262749,David Raya,2025-12-09,2025,Arsenal FC,Goalkeeper,30.2,35000000.0,6000000.0,6782103.0,12085863.0
262980,Jefferson Lerma,2025-12-09,2025,Crystal Palace,Midfield,31.1,8000000.0,7000000.0,6622205.0,3921049.0
263236,Kevin Danso,2025-12-09,2025,Tottenham Hotspur,Defender,27.2,22000000.0,16000000.0,5911226.0,10824278.0
277033,David Brooks,2025-12-09,2025,AFC Bournemouth,Attack,28.4,12000000.0,20000000.0,5936022.0,5002349.0
279455,Harry Wilson,2025-12-09,2025,Fulham FC,Attack,28.7,20000000.0,20000000.0,12155142.0,11767811.0
283628,Tomáš Souček,2025-12-09,2025,West Ham United,Midfield,30.8,12000000.0,7000000.0,7736744.0,7017632.0
284857,Marc Cucurella,2025-12-09,2025,Chelsea FC,Defender,27.4,50000000.0,16000000.0,10345004.0,20939186.0
286047,Guglielmo Vicario,2025-12-09,2025,Tottenham Hotspur,Goalkeeper,29.2,30000000.0,6000000.0,7688808.0,13779876.0
293281,Jacob Bruun Larsen,2025-12-09,2025,Burnley FC,Attack,27.2,5000000.0,20000000.0,6755874.0,4367048.0
297212,Joe Rodon,2025-12-09,2025,Leeds United,Defender,28.1,12000000.0,16000000.0,10239168.0,8241532.0
306024,Dominic Calvert-Lewin,2025-12-09,2025,Leeds United,Attack,28.7,15000000.0,20000000.0,11074692.0,10289826.0
314241,Josh Laurent,2025-12-09,2025,Burnley FC,Midfield,30.6,2000000.0,7000000.0,4503025.0,2752610.0
314288,Lukas Nmecha,2025-12-09,2025,Leeds United,Attack,27.0,8000000.0,20000000.0,18114122.0,12089023.0
314875,Jarrod Bowen,2025-12-09,2025,West Ham United,Attack,29.0,35000000.0,20000000.0,11626336.0,14123460.0
315858,Gianluigi Donnarumma,2025-12-09,2025,Manchester City,Goalkeeper,26.8,45000000.0,17000000.0,9575136.0,25916794.0
321247,Emiliano Buendía,2025-12-09,2025,Aston Villa,Attack,29.0,18000000.0,20000000.0,22389953.0,15883467.0
324358,Ollie Watkins,2025-12-09,2025,Aston Villa,Attack,29.9,30000000.0,8000000.0,7761375.0,11603691.0
325443,Viktor Gyökeres,2025-12-09,2025,Arsenal FC,Attack,27.5,70000000.0,20000000.0,12832469.0,25792062.0
326029,Donyell Malen,2025-12-09,2025,Aston Villa,Attack,26.9,25000000.0,20000000.0,23528216.0,17432909.0
326031,Matthijs de Ligt,2025-12-09,2025,Manchester United,Defender,26.3,40000000.0,16000000.0,11007311.0,21610083.0
328658,Kristoffer Ajer,2025-12-09,2025,Brentford FC,Defender,27.6,16000000.0,16000000.0,7791571.0,7388044.0
330659,Justin Kluivert,2025-12-09,2025,AFC Bournemouth,Midfield,26.6,32000000.0,18000000.0,9575093.0,6000062.0
332705,Tyler Adams,2025-12-09,2025,AFC Bournemouth,Midfield,26.8,25000000.0,18000000.0,14992070.0,9520019.0
333014,Sander Berge,2025-12-09,2025,Fulham FC,Midfield,27.8,25000000.0,18000000.0,9430350.0,10423847.0
333241,Joelinton,2025-12-09,2025,Newcastle United,Midfield,29.3,30000000.0,7000000.0,6562306.0,7183875.0
336077,Altay Bayındır,2025-12-09,2025,Manchester United,Goalkeeper,27.7,7000000.0,17000000.0,7262688.0,13570780.0
338424,Mikel Merino,2025-12-09,2025,Arsenal FC,Midfield,29.5,30000000.0,7000000.0,18195392.0,20056724.0
340918,Caoimhín Kelleher,2025-12-09,2025,Brentford FC,Goalkeeper,27.0,22000000.0,17000000.0,10133214.0,10208507.0
341051,Kyle Walker-Peters,2025-12-09,2025,West Ham United,Defender,28.7,13000000.0,16000000.0,6752822.0,5816995.0
342046,Axel Tuanzebe,2025-12-09,2025,Burnley FC,Defender,28.1,5000000.0,16000000.0,6515438.0,3573374.0
344069,Anton Stach,2025-12-09,2025,Leeds United,Midfield,27.1,20000000.0,18000000.0,16179247.0,11638181.0
345911,Ladislav Krejci,2025-12-09,2025,Wolverhampton Wanderers,Defender,26.6,22000000.0,16000000.0,11777547.0,13024166.0
346314,Trevoh Chalobah,2025-12-09,2025,Chelsea FC,Defender,26.4,35000000.0,16000000.0,13948389.0,26899818.0
346483,Mason Mount,2025-12-09,2025,Manchester United,Midfield,26.9,32000000.0,18000000.0,16394737.0,25725241.0
346707,Sean Longstaff,2025-12-09,2025,Leeds United,Midfield,28.1,18000000.0,18000000.0,12331079.0,9286187.0
346890,Noah Okafor,2025-12-09,2025,Leeds United,Attack,25.5,18000000.0,20000000.0,11588508.0,11540083.0
348026,Nordi Mukiele,2025-12-09,2025,Sunderland AFC,Defender,28.1,15000000.0,16000000.0,9860581.0,2882607.0
349066,Alexander Isak,2025-12-09,2025,Liverpool FC,Attack,26.2,120000000.0,20000000.0,12211704.0,28720040.0
352041,Lucas Perri,2025-12-09,2025,Leeds United,Goalkeeper,28.0,16000000.0,17000000.0,7799808.0,6123268.0
353032,Omar Alderete,2025-12-09,2025,Sunderland AFC,Defender,29.0,12000000.0,16000000.0,8580807.0,2434379.0
354362,Rodrigo Bentancur,2025-12-09,2025,Tottenham Hotspur,Midfield,28.5,27000000.0,18000000.0,9537677.0,17607530.0
355915,Cristian Romero,2025-12-09,2025,Tottenham Hotspur,Defender,27.6,60000000.0,16000000.0,11883308.0,18464046.0
356141,Daichi Kamada,2025-12-09,2025,Crystal Palace,Midfield,29.3,12000000.0,7000000.0,8260447.0,6944862.0
357119,Ibrahima Konaté,2025-12-09,2025,Liverpool FC,Defender,26.5,50000000.0,16000000.0,9294856.0,20951775.0
357147,Diogo Dalot,2025-12-09,2025,Manchester United,Defender,26.7,28000000.0,16000000.0,12355858.0,18692737.0
357162,Florentino,2025-12-09,2025,Burnley FC,Midfield,26.3,22000000.0,18000000.0,11460801.0,6342652.0
357662,Declan Rice,2025-12-09,2025,Arsenal FC,Midfield,26.9,120000000.0,18000000.0,20234497.0,29609902.0
361093,Sven Botman,2025-12-09,2025,Newcastle United,Defender,25.9,35000000.0,16000000.0,7984305.0,7178719.0
362108,Gabriel Gudmundsson,2025-12-09,2025,Leeds United,Defender,26.6,15000000.0,16000000.0,8917948.0,7649796.0
365108,Dan Ndoye,2025-12-09,2025,Nottingham Forest,Attack,25.1,40000000.0,20000000.0,11887315.0,17774254.0
369316,Ferdi Kadıoğlu,2025-12-09,2025,Brighton & Hove Albion,Defender,26.2,28000000.0,16000000.0,8831416.0,7999953.0
371851,Jaka Bijol,2025-12-09,2025,Leeds United,Defender,26.8,18000000.0,16000000.0,9994328.0,7361230.0
375885,Ibrahim Sangaré,2025-12-09,2025,Nottingham Forest,Midfield,28.0,22000000.0,18000000.0,8806902.0,11193202.0
378710,Richarlison,2025-12-09,2025,Tottenham Hotspur,Attack,28.6,28000000.0,20000000.0,20374500.0,29114149.0
392179,Hjalmar Ekdal,2025-12-09,2025,Burnley FC,Defender,27.1,6000000.0,16000000.0,7334638.0,3919960.0
392757,Marc Guéhi,2025-12-09,2025,Crystal Palace,Defender,25.4,55000000.0,16000000.0,19632739.0,10688505.0
392768,Callum Hudson-Odoi,2025-12-09,2025,Nottingham Forest,Attack,25.1,30000000.0,20000000.0,9111323.0,13790614.0
392771,Ethan Ampadu,2025-12-09,2025,Leeds United,Midfield,25.2,20000000.0,18000000.0,12534715.0,12299233.0
392775,Ryan Sessegnon,2025-12-09,2025,Fulham FC,Defender,25.6,20000000.0,16000000.0,17143481.0,11871372.0
393323,Brenden Aaronson,2025-12-09,2025,Leeds United,Midfield,25.1,15000000.0,18000000.0,16858962.0,11537917.0
394327,Boubacar Kamara,2025-12-09,2025,Aston Villa,Midfield,26.0,40000000.0,18000000.0,18140021.0,16887561.0
397033,Sandro Tonali,2025-12-09,2025,Newcastle United,Midfield,25.6,75000000.0,18000000.0,11750840.0,11002881.0
398065,Harvey Barnes,2025-12-09,2025,Newcastle United,Attack,28.0,32000000.0,20000000.0,10022716.0,9829664.0
399434,Marcus Tavernier,2025-12-09,2025,AFC Bournemouth,Midfield,26.7,20000000.0,18000000.0,16676437.0,9723377.0
399776,Pau Torres,2025-12-09,2025,Aston Villa,Defender,28.9,25000000.0,16000000.0,6229274.0,7462392.0
403151,Robert Sánchez,2025-12-09,2025,Chelsea FC,Goalkeeper,28.1,22000000.0,17000000.0,8358698.0,17415846.0
404842,Vitaliy Mykolenko,2025-12-09,2025,Everton FC,Defender,26.5,25000000.0,16000000.0,9103115.0,10544682.0
406635,Phil Foden,2025-12-09,2025,Manchester City,Midfield,25.5,80000000.0,18000000.0,36261652.0,69336053.0
410225,Ismaïla Sarr,2025-12-09,2025,Crystal Palace,Attack,27.8,35000000.0,20000000.0,12728181.0,10614027.0
410708,Pascal Struijk,2025-12-09,2025,Leeds United,Defender,26.3,20000000.0,16000000.0,9124457.0,7840665.0
411537,Zian Flemming,2025-12-09,2025,Burnley FC,Attack,27.4,10000000.0,20000000.0,21347490.0,8738277.0
413039,Bryan Mbeumo,2025-12-09,2025,Manchester United,Attack,26.3,75000000.0,20000000.0,20595343.0,43471155.0
413403,Ezri Konsa,2025-12-09,2025,Aston Villa,Defender,28.1,35000000.0,16000000.0,7764222.0,9339506.0
413507,Nikola Milenković,2025-12-09,2025,Nottingham Forest,Defender,28.2,30000000.0,16000000.0,8001363.0,10143277.0
414908,Marshall Munetsi,2025-12-09,2025,Wolverhampton Wanderers,Midfield,29.5,12000000.0,7000000.0,8588520.0,11006374.0
415381,Mats Wieffer,2025-12-09,2025,Brighton & Hove Albion,Defender,26.1,25000000.0,16000000.0,13286305.0,9234695.0
415912,Konstantinos Mavropanos,2025-12-09,2025,West Ham United,Defender,28.0,15000000.0,16000000.0,6769121.0,7026749.0
418560,Erling Haaland,2025-12-09,2025,Manchester City,Attack,25.4,200000000.0,20000000.0,85920173.0,136240922.0
420002,Jean-Philippe Mateta,2025-12-09,2025,Crystal Palace,Attack,28.4,40000000.0,20000000.0,16138007.0,12606949.0
420210,Lutsharel Geertruida,2025-12-09,2025,Sunderland AFC,Defender,25.4,20000000.0,16000000.0,7378358.0,2202407.0
420243,Jurriën Timber,2025-12-09,2025,Arsenal FC,Defender,24.5,70000000.0,18000000.0,21110178.0,27218974.0
423440,Martín Zubimendi,2025-12-09,2025,Arsenal FC,Midfield,26.9,75000000.0,18000000.0,14700397.0,26756301.0
425334,Matty Cash,2025-12-09,2025,Aston Villa,Defender,28.3,22000000.0,16000000.0,12317830.0,11835309.0
429014,Morgan Gibbs-White,2025-12-09,2025,Nottingham Forest,Midfield,25.9,65000000.0,18000000.0,18880853.0,20725961.0
429915,Maxim De Cuyper,2025-12-09,2025,Brighton & Hove Albion,Defender,25.0,22000000.0,18000000.0,13154425.0,9203003.0
429983,Jørgen Strand Larsen,2025-12-09,2025,Wolverhampton Wanderers,Attack,25.8,40000000.0,20000000.0,10027459.0,18224698.0
432164,Igor Jesus,2025-12-09,2025,Nottingham Forest,Attack,24.8,20000000.0,25000000.0,9410350.0,14105118.0
433177,Bukayo Saka,2025-12-09,2025,Arsenal FC,Attack,24.3,130000000.0,25000000.0,21816983.0,39974299.0
433188,Curtis Jones,2025-12-09,2025,Liverpool FC,Midfield,24.9,40000000.0,21500000.0,8865388.0,20876001.0
434224,Maxence Lacroix,2025-12-09,2025,Crystal Palace,Defender,25.7,35000000.0,16000000.0,13384658.0,8889501.0
434675,Cody Gakpo,2025-12-09,2025,Liverpool FC,Attack,26.6,70000000.0,20000000.0,19345836.0,39790336.0
435338,Gabriel,2025-12-09,2025,Arsenal FC,Defender,28.0,75000000.0,16000000.0,11348904.0,17144236.0
438001,Santiago Bueno,2025-12-09,2025,Wolverhampton Wanderers,Defender,27.1,10000000.0,16000000.0,11393781.0,11859550.0
444523,Lucas Paquetá,2025-12-09,2025,West Ham United,Midfield,28.3,35000000.0,18000000.0,12780237.0,12751813.0
450050,Jean-Ricner Bellegarde,2025-12-09,2025,Wolverhampton Wanderers,Midfield,27.5,16000000.0,18000000.0,8554151.0,11116337.0
451276,Dominik Szoboszlai,2025-12-09,2025,Liverpool FC,Midfield,25.1,85000000.0,18000000.0,19018126.0,41279764.0
455661,Nick Woltemade,2025-12-09,2025,Newcastle United,Attack,23.8,70000000.0,25000000.0,28334933.0,23688116.0
460939,Tijjani Reijnders,2025-12-09,2025,Manchester City,Midfield,27.4,65000000.0,18000000.0,15094060.0,36878830.0
461883,Calvin Bassey,2025-12-09,2025,Fulham FC,Defender,25.9,28000000.0,16000000.0,10131467.0,9401933.0
463605,Bafodé Diakité,2025-12-09,2025,AFC Bournemouth,Defender,24.9,35000000.0,18000000.0,10838440.0,7047565.0
465555,Djordje Petrovic,2025-12-09,2025,AFC Bournemouth,Goalkeeper,26.2,28000000.0,17000000.0,11203221.0,6625875.0
465717,Jayden Bogle,2025-12-09,2025,Leeds United,Defender,25.4,10000000.0,16000000.0,13689093.0,10236208.0
466805,Nico González,2025-12-09,2025,Manchester City,Midfield,23.9,45000000.0,21500000.0,15119387.0,45806608.0
467623,Lyle Foster,2025-12-09,2025,Burnley FC,Attack,25.3,10000000.0,20000000.0,14175811.0,8161983.0
469050,Nathan Collins,2025-12-09,2025,Brentford FC,Defender,24.6,35000000.0,18000000.0,11987885.0,13052366.0
469781,Marcos Senesi,2025-12-09,2025,AFC Bournemouth,Defender,28.6,22000000.0,16000000.0,10072681.0,5580548.0
470607,Brennan Johnson,2025-12-09,2025,Tottenham Hotspur,Attack,24.5,35000000.0,25000000.0,13046074.0,26342656.0
472423,Reece James,2025-12-09,2025,Chelsea FC,Defender,26.0,50000000.0,16000000.0,15240536.0,23419062.0
473050,Kevin Schade,2025-12-09,2025,Brentford FC,Attack,24.0,35000000.0,25000000.0,18777942.0,23704229.0
474701,Crysencio Summerville,2025-12-09,2025,West Ham United,Attack,24.1,22000000.0,25000000.0,13792423.0,15554148.0
475188,Kiernan Dewsbury-Hall,2025-12-09,2025,Everton FC,Midfield,27.3,28000000.0,18000000.0,22924164.0,19890699.0
475411,Wesley Fofana,2025-12-09,2025,Chelsea FC,Defender,25.0,28000000.0,18000000.0,8782571.0,19446762.0
475959,Josko Gvardiol,2025-12-09,2025,Manchester City,Defender,23.9,70000000.0,18000000.0,19294526.0,44056889.0
477758,Aaron Wan-Bissaka,2025-12-09,2025,West Ham United,Defender,28.0,22000000.0,16000000.0,8163004.0,7690028.0
478573,Ryan Gravenberch,2025-12-09,2025,Liverpool FC,Midfield,23.6,90000000.0,21500000.0,29344787.0,52147364.0
479999,Eberechi Eze,2025-12-09,2025,Arsenal FC,Midfield,27.4,65000000.0,18000000.0,21104761.0,27516967.0
483348,Djed Spence,2025-12-09,2025,Tottenham Hotspur,Defender,25.3,32000000.0,16000000.0,9630701.0,17989780.0
485706,Amadou Onana,2025-12-09,2025,Aston Villa,Midfield,24.3,42000000.0,21500000.0,18162803.0,18578008.0
486049,Jérémy Doku,2025-12-09,2025,Manchester City,Attack,23.5,65000000.0,25000000.0,24537003.0,59033139.0
487465,Pedro Neto,2025-12-09,2025,Chelsea FC,Attack,25.8,60000000.0,20000000.0,21766931.0,46112934.0
487969,Randal Kolo Muani,2025-12-09,2025,Tottenham Hotspur,Attack,27.0,25000000.0,20000000.0,5904608.0,16660434.0
489359,Ao Tanaka,2025-12-09,2025,Leeds United,Midfield,27.2,10000000.0,18000000.0,12173272.0,8868220.0
493003,Daniel Muñoz,2025-12-09,2025,Crystal Palace,Defender,29.5,27000000.0,5000000.0,11947886.0,7013313.0
494237,Wilson Isidor,2025-12-09,2025,Sunderland AFC,Attack,25.3,18000000.0,20000000.0,15871512.0,5228788.0
495666,William Saliba,2025-12-09,2025,Arsenal FC,Defender,24.7,90000000.0,18000000.0,9950369.0,17964908.0
500689,Evann Guessand,2025-12-09,2025,Aston Villa,Attack,24.4,28000000.0,25000000.0,7731123.0,12377705.0
502676,Giorgi Mamardashvili,2025-12-09,2025,Liverpool FC,Goalkeeper,25.2,28000000.0,17000000.0,9671642.0,18939665.0
502821,Riccardo Calafiori,2025-12-09,2025,Arsenal FC,Defender,23.6,50000000.0,18000000.0,18347008.0,26467821.0
503680,Neco Williams,2025-12-09,2025,Nottingham Forest,Defender,24.7,25000000.0,18000000.0,15428515.0,16482570.0
503686,Dan Ballard,2025-12-09,2025,Sunderland AFC,Defender,26.2,16000000.0,16000000.0,13585097.0,3353096.0
503733,Anthony Gordon,2025-12-09,2025,Newcastle United,Attack,24.8,60000000.0,25000000.0,13750694.0,13982577.0
503743,Morgan Rogers,2025-12-09,2025,Aston Villa,Midfield,23.4,70000000.0,21500000.0,32287970.0,29188491.0
503883,Senne Lammens,2025-12-09,2025,Manchester United,Goalkeeper,23.4,25000000.0,15000000.0,13518405.0,23762160.0
503981,Tino Livramento,2025-12-09,2025,Newcastle United,Defender,23.1,40000000.0,18000000.0,15298972.0,12309735.0
504849,Kaoru Mitoma,2025-12-09,2025,Brighton & Hove Albion,Attack,28.6,30000000.0,20000000.0,9450140.0,9869371.0
505219,James Garner,2025-12-09,2025,Everton FC,Midfield,24.7,25000000.0,21500000.0,19667236.0,21319218.0
514285,Quilindschy Hartman,2025-12-09,2025,Burnley FC,Defender,24.1,18000000.0,18000000.0,19962416.0,7806559.0
515544,Trai Hume,2025-12-09,2025,Sunderland AFC,Defender,23.7,18000000.0,18000000.0,14908551.0,4328443.0
517894,Matheus Cunha,2025-12-09,2025,Manchester United,Attack,26.5,70000000.0,20000000.0,10123174.0,25524804.0
520624,Bruno Guimarães,2025-12-09,2025,Newcastle United,Midfield,28.1,75000000.0,18000000.0,23663308.0,15604814.0
521964,Malick Thiaw,2025-12-09,2025,Newcastle United,Defender,24.3,40000000.0,18000000.0,15637489.0,12167480.0
525247,Maximilian Kilman,2025-12-09,2025,West Ham United,Defender,28.5,22000000.0,16000000.0,7091866.0,7415491.0
534033,Alexis Mac Allister,2025-12-09,2025,Liverpool FC,Midfield,27.0,85000000.0,18000000.0,11268032.0,23486410.0
536835,Amad Diallo,2025-12-09,2025,Manchester United,Attack,23.4,50000000.0,25000000.0,19566061.0,42583118.0
538977,Georginio Rutter,2025-12-09,2025,Brighton & Hove Albion,Attack,23.6,32000000.0,25000000.0,19322787.0,17363716.0
540941,Mikkel Damsgaard,2025-12-09,2025,Brentford FC,Midfield,25.4,30000000.0,18000000.0,14837912.0,15715016.0
541231,Sepp van den Berg,2025-12-09,2025,Brentford FC,Defender,24.0,28000000.0,18000000.0,13553186.0,14772787.0
543499,Mohammed Kudus,2025-12-09,2025,Tottenham Hotspur,Attack,25.4,55000000.0,20000000.0,24776772.0,40565195.0
553875,Pedro Porro,2025-12-09,2025,Tottenham Hotspur,Defender,26.2,40000000.0,16000000.0,10172431.0,17764259.0
556385,Destiny Udogie,2025-12-09,2025,Tottenham Hotspur,Defender,23.0,40000000.0,18000000.0,13892188.0,21196139.0
557459,Micky van de Ven,2025-12-09,2025,Tottenham Hotspur,Defender,24.6,65000000.0,18000000.0,17758317.0,28256512.0
565093,Bart Verbruggen,2025-12-09,2025,Brighton & Hove Albion,Goalkeeper,23.3,35000000.0,15000000.0,16120455.0,12701437.0
566931,Xavi Simons,2025-12-09,2025,Tottenham Hotspur,Midfield,22.6,60000000.0,21500000.0,24754313.0,35064058.0
567576,Elliot Anderson,2025-12-09,2025,Nottingham Forest,Midfield,23.1,60000000.0,21500000.0,21743595.0,26119474.0
568157,Yéremy Pino,2025-12-09,2025,Crystal Palace,Attack,23.1,35000000.0,25000000.0,15033854.0,13007162.0
568693,Pape Matar Sarr,2025-12-09,2025,Tottenham Hotspur,Midfield,23.2,35000000.0,21500000.0,27086123.0,33998618.0
576314,Jan Paul van Hecke,2025-12-09,2025,Brighton & Hove Albion,Defender,25.5,35000000.0,16000000.0,17635170.0,12984829.0
578539,Chris Richards,2025-12-09,2025,Crystal Palace,Defender,25.7,25000000.0,16000000.0,10900632.0,8250165.0
583189,Anthony Elanga,2025-12-09,2025,Newcastle United,Attack,23.6,50000000.0,25000000.0,10056766.0,10627564.0
583255,Antoine Semenyo,2025-12-09,2025,AFC Bournemouth,Attack,25.9,65000000.0,20000000.0,27702975.0,15955913.0
588989,Jhon Arias,2025-12-09,2025,Wolverhampton Wanderers,Attack,28.2,15000000.0,20000000.0,5285274.0,10190910.0
595809,Beto,2025-12-09,2025,Everton FC,Attack,27.9,20000000.0,20000000.0,6172537.0,8996754.0
598577,Florian Wirtz,2025-12-09,2025,Liverpool FC,Midfield,22.6,110000000.0,21500000.0,16939361.0,36458246.0
601883,Matheus Nunes,2025-12-09,2025,Manchester City,Defender,27.3,38000000.0,16000000.0,13455256.0,29696416.0
605184,Jean-Clair Todibo,2025-12-09,2025,West Ham United,Defender,25.9,23000000.0,16000000.0,10570004.0,9573889.0
606718,Toti,2025-12-09,2025,Wolverhampton Wanderers,Defender,26.9,25000000.0,16000000.0,7571908.0,9833564.0
607226,Loum Tchaouna,2025-12-09,2025,Burnley FC,Attack,22.3,15000000.0,25000000.0,13158288.0,8313559.0
620322,Malo Gusto,2025-12-09,2025,Chelsea FC,Defender,22.6,35000000.0,18000000.0,17421462.0,29730743.0
623570,Iliman Ndiaye,2025-12-09,2025,Everton FC,Attack,25.8,45000000.0,20000000.0,19016175.0,22478931.0
624258,Conor Bradley,2025-12-09,2025,Liverpool FC,Defender,22.4,30000000.0,18000000.0,14950302.0,26446473.0
626724,João Pedro,2025-12-09,2025,Chelsea FC,Attack,24.2,65000000.0,25000000.0,25985094.0,53946613.0
627442,Benjamin Sesko,2025-12-09,2025,Manchester United,Attack,22.5,60000000.0,25000000.0,21835036.0,42154968.0
633992,Enzo Le Fée,2025-12-09,2025,Sunderland AFC,Midfield,25.8,20000000.0,18000000.0,21106932.0,5163431.0
644401,Keane Lewis-Potter,2025-12-09,2025,Brentford FC,Midfield,24.8,22000000.0,21500000.0,11416966.0,11027313.0
646991,Robin Roefs,2025-12-09,2025,Sunderland AFC,Goalkeeper,22.9,18000000.0,15000000.0,16950212.0,4654981.0
648195,Enzo Fernández,2025-12-09,2025,Chelsea FC,Midfield,24.9,85000000.0,21500000.0,24908232.0,48082731.0
654539,Adrien Truffert,2025-12-09,2025,AFC Bournemouth,Defender,24.1,20000000.0,18000000.0,14573646.0,8805876.0
661207,Oscar Bobb,2025-12-09,2025,Manchester City,Attack,22.4,25000000.0,25000000.0,13732647.0,46516718.0
661427,David Møller Wolfe,2025-12-09,2025,Wolverhampton Wanderers,Defender,23.6,10000000.0,18000000.0,17099192.0,14509818.0
667287,Yasin Ayari,2025-12-09,2025,Brighton & Hove Albion,Midfield,22.2,30000000.0,21500000.0,19992524.0,18532756.0
673492,Morato,2025-12-09,2025,Nottingham Forest,Defender,24.4,14000000.0,18000000.0,10259405.0,12038348.0
683895,Emmanuel Agbadou,2025-12-09,2025,Wolverhampton Wanderers,Defender,28.5,18000000.0,16000000.0,6412802.0,8593299.0
684210,Jaidon Anthony,2025-12-09,2025,Burnley FC,Attack,26.0,15000000.0,20000000.0,18731343.0,9278991.0
687626,Moisés Caicedo,2025-12-09,2025,Chelsea FC,Midfield,24.1,110000000.0,21500000.0,24842044.0,46456219.0
696589,Tim Iroegbunam,2025-12-09,2025,Everton FC,Midfield,22.4,12000000.0,21500000.0,21670012.0,17585464.0
698164,Freddie Potts,2025-12-09,2025,West Ham United,Midfield,22.2,8000000.0,21500000.0,13832636.0,14599703.0
698678,Hugo Bueno,2025-12-09,2025,Wolverhampton Wanderers,Defender,23.2,10000000.0,18000000.0,11068502.0,13232258.0
708072,Nicolò Savona,2025-12-09,2025,Nottingham Forest,Defender,22.7,15000000.0,18000000.0,19263367.0,18072191.0
709726,Hugo Ekitiké,2025-12-09,2025,Liverpool FC,Attack,23.5,85000000.0,25000000.0,30402201.0,53338639.0
711337,Evanilson,2025-12-09,2025,AFC Bournemouth,Attack,26.2,40000000.0,20000000.0,10693665.0,8955819.0
711544,Jake O'Brien,2025-12-09,2025,Everton FC,Defender,24.6,16000000.0,18000000.0,12924135.0,13342486.0
711999,Lesley Ugochukwu,2025-12-09,2025,Burnley FC,Midfield,21.7,25000000.0,21500000.0,26563244.0,10829240.0
717411,Yegor Yarmolyuk,2025-12-09,2025,Brentford FC,Midfield,21.8,25000000.0,21500000.0,20100009.0,21875063.0
727089,Noah Sadiki,2025-12-09,2025,Sunderland AFC,Midfield,21.0,25000000.0,18000000.0,22421225.0,7774802.0
730861,Milos Kerkez,2025-12-09,2025,Liverpool FC,Defender,22.1,40000000.0,18000000.0,16168049.0,30686281.0
730893,Tyrick Mitchell,2025-12-09,2025,Crystal Palace,Defender,26.3,25000000.0,16000000.0,11384823.0,8247324.0
735570,João Gomes,2025-12-09,2025,Wolverhampton Wanderers,Midfield,24.8,40000000.0,21500000.0,12429100.0,18190052.0
739443,Igor Thiago,2025-12-09,2025,Brentford FC,Attack,24.5,35000000.0,25000000.0,44166498.0,37729925.0
741257,Álex Jiménez,2025-12-09,2025,AFC Bournemouth,Defender,20.6,18000000.0,15000000.0,14707364.0,8571110.0
743384,Chemsdine Talbi,2025-12-09,2025,Sunderland AFC,Attack,20.6,22000000.0,22000000.0,27630868.0,7765609.0
743413,Nico O'Reilly,2025-12-09,2025,Manchester City,Defender,20.7,40000000.0,15000000.0,29845973.0,58798418.0
743498,Wilson Odobert,2025-12-09,2025,Tottenham Hotspur,Attack,21.0,22000000.0,22000000.0,14078631.0,28515440.0
744149,Adam Wharton,2025-12-09,2025,Crystal Palace,Midfield,21.8,60000000.0,21500000.0,23240264.0,15781153.0
800176,André,2025-12-09,2025,Wolverhampton Wanderers,Midfield,24.4,28000000.0,21500000.0,12395685.0,17747756.0
811779,Alejandro Garnacho,2025-12-09,2025,Chelsea FC,Attack,21.4,45000000.0,25000000.0,28181704.0,52612695.0
823231,Dango Ouattara,2025-12-09,2025,Brentford FC,Attack,23.8,35000000.0,25000000.0,29038709.0,25433286.0
823486,Michael Kayode,2025-12-09,2025,Brentford FC,Defender,21.4,27000000.0,18000000.0,18200592.0,18953478.0
842341,Maxime Estève,2025-12-09,2025,Burnley FC,Defender,23.5,25000000.0,18000000.0,14366132.0,7412254.0
848509,Jackson Tchatchoua,2025-12-09,2025,Wolverhampton Wanderers,Defender,24.2,12000000.0,18000000.0,9473471.0,11423002.0
855256,Alex Scott,2025-12-09,2025,AFC Bournemouth,Midfield,22.3,30000000.0,21500000.0,18064774.0,11650845.0
866246,Lucas Bergvall,2025-12-09,2025,Tottenham Hotspur,Midfield,19.8,40000000.0,18000000.0,38546263.0,47421427.0
880245,Mateus Fernandes,2025-12-09,2025,West Ham United,Midfield,21.4,32000000.0,21500000.0,24510450.0,22210964.0
922769,Lewis Miley,2025-12-09,2025,Newcastle United,Midfield,19.6,20000000.0,18000000.0,42854746.0,23223044.0
923831,Leny Yoro,2025-12-09,2025,Manchester United,Defender,20.1,55000000.0,15000000.0,22091256.0,31947532.0
926952,Patrick Dorgu,2025-12-09,2025,Manchester United,Attack,21.1,30000000.0,25000000.0,14694582.0,34928869.0
937941,Thierno Barry,2025-12-09,2025,Everton FC,Attack,23.1,30000000.0,25000000.0,11380298.0,15581199.0
973085,Carlos Baleba,2025-12-09,2025,Brighton & Hove Albion,Midfield,21.9,60000000.0,21500000.0,14656509.0,13747724.0
996897,Diego Gómez,2025-12-09,2025,Brighton & Hove Albion,Midfield,22.7,25000000.0,21500000.0,20082274.0,16472666.0
1005649,Murillo,2025-12-09,2025,Nottingham Forest,Defender,23.4,55000000.0,18000000.0,14693425.0,15492508.0
1011131,Josh King,2025-12-09,2025,Fulham FC,Midfield,18.9,20000000.0,18000000.0,24999418.0,20364364.0
1012534,Yankuba Minteh,2025-12-09,2025,Brighton & Hove Albion,Attack,21.4,40000000.0,25000000.0,28276223.0,26194176.0
1111589,El Hadji Malick Diouf,2025-12-09,2025,West Ham United,Defender,20.9,28000000.0,15000000.0,26457462.0,20223472.0
108725,Chris Wood,2026-03-09,2025,Nottingham Forest,Attack,34.3,6000000.0,8000000.0,4466373.0,6948198.0
110864,Sam Johnstone,2026-03-09,2025,Wolverhampton Wanderers,Goalkeeper,33.0,3000000.0,6000000.0,4398233.0,5693154.0
120629,Alphonse Areola,2026-03-09,2025,West Ham United,Goalkeeper,33.0,5000000.0,6000000.0,5897265.0,5651527.0
127202,Matz Sels,2026-03-09,2025,Nottingham Forest,Goalkeeper,34.0,4000000.0,6000000.0,4708440.0,5701267.0
177476,Nathan Aké,2026-03-09,2025,Manchester City,Defender,31.1,15000000.0,5000000.0,3298880.0,9722684.0
234803,Andrew Robertson,2026-03-09,2025,Liverpool FC,Defender,32.0,10000000.0,5000000.0,3008666.0,6647425.0
242606,Josh Cullen,2026-03-09,2025,Burnley FC,Midfield,29.9,6000000.0,7000000.0,11161826.0,5857542.0
250426,Adam Armstrong,2026-03-09,2025,Wolverhampton Wanderers,Attack,29.1,8000000.0,8000000.0,8599247.0,12177501.0
257455,João Palhinha,2026-03-09,2025,Tottenham Hotspur,Midfield,30.7,18000000.0,7000000.0,9655828.0,17359433.0
258878,Tosin Adarabioyo,2026-03-09,2025,Chelsea FC,Defender,28.5,18000000.0,16000000.0,5345441.0,11924198.0
263236,Kevin Danso,2026-03-09,2025,Tottenham Hotspur,Defender,27.5,20000000.0,16000000.0,5950385.0,10843100.0
277033,David Brooks,2026-03-09,2025,AFC Bournemouth,Attack,28.7,14000000.0,20000000.0,6611790.0,4733522.0
279455,Harry Wilson,2026-03-09,2025,Fulham FC,Attack,29.0,25000000.0,20000000.0,21430474.0,17528480.0
286047,Guglielmo Vicario,2026-03-09,2025,Tottenham Hotspur,Goalkeeper,29.4,23000000.0,6000000.0,10980758.0,20045126.0
292246,Hee-chan Hwang,2026-03-09,2025,Wolverhampton Wanderers,Attack,30.1,8000000.0,8000000.0,6432256.0,10255092.0
297212,Joe Rodon,2026-03-09,2025,Leeds United,Defender,28.4,15000000.0,16000000.0,11883932.0,10103279.0
306024,Dominic Calvert-Lewin,2026-03-09,2025,Leeds United,Attack,29.0,22000000.0,20000000.0,16651457.0,14378288.0
314288,Lukas Nmecha,2026-03-09,2025,Leeds United,Attack,27.2,10000000.0,20000000.0,18438811.0,10447962.0
316264,Martin Ødegaard,2026-03-09,2025,Arsenal FC,Midfield,27.2,65000000.0,18000000.0,18574450.0,21456684.0
325443,Viktor Gyökeres,2026-03-09,2025,Arsenal FC,Attack,27.8,65000000.0,20000000.0,16745301.0,31035653.0
328658,Kristoffer Ajer,2026-03-09,2025,Brentford FC,Defender,27.9,18000000.0,16000000.0,8364147.0,8665374.0
330659,Justin Kluivert,2026-03-09,2025,AFC Bournemouth,Midfield,26.8,30000000.0,18000000.0,10746938.0,6532085.0
340456,Noussair Mazraoui,2026-03-09,2025,Manchester United,Defender,28.3,20000000.0,16000000.0,4932717.0,9616889.0
340918,Caoimhín Kelleher,2026-03-09,2025,Brentford FC,Goalkeeper,27.3,25000000.0,17000000.0,13907124.0,14276292.0
344069,Anton Stach,2026-03-09,2025,Leeds United,Midfield,27.3,25000000.0,18000000.0,19737773.0,14910752.0
346314,Trevoh Chalobah,2026-03-09,2025,Chelsea FC,Defender,26.7,40000000.0,16000000.0,16077007.0,34646989.0
346483,Mason Mount,2026-03-09,2025,Manchester United,Midfield,27.2,30000000.0,18000000.0,12489919.0,21346477.0
346707,Sean Longstaff,2026-03-09,2025,Leeds United,Midfield,28.4,16000000.0,18000000.0,10283477.0,7571303.0
348026,Nordi Mukiele,2026-03-09,2025,Sunderland AFC,Defender,28.4,18000000.0,16000000.0,13408716.0,3713620.0
349066,Alexander Isak,2026-03-09,2025,Liverpool FC,Attack,26.5,100000000.0,20000000.0,14892378.0,30510302.0
349701,Antonee Robinson,2026-03-09,2025,Fulham FC,Defender,28.6,25000000.0,16000000.0,6037521.0,5669410.0
352041,Lucas Perri,2026-03-09,2025,Leeds United,Goalkeeper,28.2,13000000.0,17000000.0,8957512.0,7099941.0
353032,Omar Alderete,2026-03-09,2025,Sunderland AFC,Defender,29.2,15000000.0,5000000.0,10115533.0,3212751.0
354362,Rodrigo Bentancur,2026-03-09,2025,Tottenham Hotspur,Midfield,28.7,22000000.0,18000000.0,9545664.0,18855864.0
355915,Cristian Romero,2026-03-09,2025,Tottenham Hotspur,Defender,27.9,50000000.0,16000000.0,13671658.0,21476555.0
357147,Diogo Dalot,2026-03-09,2025,Manchester United,Defender,27.0,30000000.0,16000000.0,13356824.0,23063021.0
357162,Florentino,2026-03-09,2025,Burnley FC,Midfield,26.6,20000000.0,18000000.0,12320511.0,6508622.0
357565,Rodri,2026-03-09,2025,Manchester City,Midfield,29.7,65000000.0,7000000.0,7280089.0,24096750.0
362108,Gabriel Gudmundsson,2026-03-09,2025,Leeds United,Defender,26.9,20000000.0,16000000.0,11837989.0,10274226.0
365108,Dan Ndoye,2026-03-09,2025,Nottingham Forest,Attack,25.4,35000000.0,20000000.0,9664252.0,13861432.0
369316,Ferdi Kadıoğlu,2026-03-09,2025,Brighton & Hove Albion,Defender,26.4,30000000.0,16000000.0,12604489.0,11628223.0
381753,Ilia Gruev,2026-03-09,2025,Leeds United,Midfield,25.8,12000000.0,18000000.0,13907618.0,10439585.0
392757,Marc Guéhi,2026-03-09,2025,Manchester City,Defender,25.7,65000000.0,16000000.0,20443276.0,52915259.0
392771,Ethan Ampadu,2026-03-09,2025,Leeds United,Midfield,25.5,25000000.0,18000000.0,19493219.0,18178232.0
393323,Brenden Aaronson,2026-03-09,2025,Leeds United,Midfield,25.4,18000000.0,18000000.0,21520059.0,14752161.0
397033,Sandro Tonali,2026-03-09,2025,Newcastle United,Midfield,25.8,80000000.0,18000000.0,14519757.0,13449782.0
399434,Marcus Tavernier,2026-03-09,2025,AFC Bournemouth,Midfield,27.0,23000000.0,18000000.0,23007610.0,12090807.0
399776,Pau Torres,2026-03-09,2025,Aston Villa,Defender,29.1,22000000.0,5000000.0,6709611.0,8080958.0
401922,Samuel Chukwueze,2026-03-09,2025,Fulham FC,Attack,26.8,15000000.0,20000000.0,22950954.0,14107980.0
410425,Yves Bissouma,2026-03-09,2025,Tottenham Hotspur,Midfield,29.5,12000000.0,7000000.0,5492251.0,12348331.0
410708,Pascal Struijk,2026-03-09,2025,Leeds United,Defender,26.6,22000000.0,16000000.0,13297392.0,11194112.0
411537,Zian Flemming,2026-03-09,2025,Burnley FC,Attack,27.6,12000000.0,20000000.0,16181955.0,7362385.0
413039,Bryan Mbeumo,2026-03-09,2025,Manchester United,Attack,26.6,80000000.0,20000000.0,25878570.0,52219945.0
413403,Ezri Konsa,2026-03-09,2025,Aston Villa,Defender,28.4,40000000.0,16000000.0,10950194.0,13436576.0
415970,Joe Worrall,2026-03-09,2025,Burnley FC,Defender,29.2,3000000.0,5000000.0,4708132.0,2487609.0
420002,Jean-Philippe Mateta,2026-03-09,2025,Crystal Palace,Attack,28.7,35000000.0,20000000.0,14895082.0,12995939.0
423440,Martín Zubimendi,2026-03-09,2025,Arsenal FC,Midfield,27.1,80000000.0,18000000.0,20615081.0,38078923.0
429014,Morgan Gibbs-White,2026-03-09,2025,Nottingham Forest,Midfield,26.1,60000000.0,18000000.0,30111222.0,31476310.0
429983,Jørgen Strand Larsen,2026-03-09,2025,Crystal Palace,Attack,26.1,45000000.0,20000000.0,13509876.0,11719185.0
432164,Igor Jesus,2026-03-09,2025,Nottingham Forest,Attack,25.0,22000000.0,25000000.0,13898191.0,17876466.0
433177,Bukayo Saka,2026-03-09,2025,Arsenal FC,Attack,24.5,120000000.0,25000000.0,27798949.0,46774602.0
433188,Curtis Jones,2026-03-09,2025,Liverpool FC,Midfield,25.1,35000000.0,18000000.0,10435949.0,22054872.0
434224,Maxence Lacroix,2026-03-09,2025,Crystal Palace,Defender,25.9,40000000.0,16000000.0,17330592.0,11970731.0
434675,Cody Gakpo,2026-03-09,2025,Liverpool FC,Attack,26.8,65000000.0,20000000.0,17880821.0,41370810.0
435648,Joshua Zirkzee,2026-03-09,2025,Manchester United,Attack,24.8,22000000.0,25000000.0,14400668.0,24224617.0
445939,Omar Marmoush,2026-03-09,2025,Manchester City,Attack,27.1,60000000.0,20000000.0,10941362.0,27547178.0
447661,Douglas Luiz,2026-03-09,2025,Aston Villa,Midfield,27.8,20000000.0,18000000.0,8490746.0,10037374.0
451276,Dominik Szoboszlai,2026-03-09,2025,Liverpool FC,Midfield,25.4,100000000.0,18000000.0,27782735.0,57966410.0
455661,Nick Woltemade,2026-03-09,2025,Newcastle United,Attack,24.1,65000000.0,25000000.0,24812432.0,20071208.0
460939,Tijjani Reijnders,2026-03-09,2025,Manchester City,Midfield,27.6,60000000.0,18000000.0,16340618.0,37190600.0
463605,Bafodé Diakité,2026-03-09,2025,AFC Bournemouth,Defender,25.2,30000000.0,16000000.0,10141426.0,6400869.0
465717,Jayden Bogle,2026-03-09,2025,Leeds United,Defender,25.6,12000000.0,16000000.0,17862730.0,13169928.0
469050,Nathan Collins,2026-03-09,2025,Brentford FC,Defender,24.9,30000000.0,18000000.0,17774666.0,17289224.0
472423,Reece James,2026-03-09,2025,Chelsea FC,Defender,26.3,60000000.0,16000000.0,16871769.0,26639845.0
473169,Brian Brobbey,2026-03-09,2025,Sunderland AFC,Attack,24.1,25000000.0,25000000.0,19328031.0,5746446.0
474701,Crysencio Summerville,2026-03-09,2025,West Ham United,Attack,24.4,30000000.0,25000000.0,23583891.0,24529969.0
475188,Kiernan Dewsbury-Hall,2026-03-09,2025,Everton FC,Midfield,27.5,32000000.0,18000000.0,26936428.0,22490116.0
479999,Eberechi Eze,2026-03-09,2025,Arsenal FC,Midfield,27.7,60000000.0,18000000.0,17874245.0,23504689.0
480762,Lisandro Martínez,2026-03-09,2025,Manchester United,Defender,28.1,40000000.0,16000000.0,6279797.0,12841023.0
483348,Djed Spence,2026-03-09,2025,Tottenham Hotspur,Defender,25.6,30000000.0,16000000.0,11148767.0,20756734.0
484547,Jeremie Frimpong,2026-03-09,2025,Liverpool FC,Defender,25.2,35000000.0,16000000.0,12011390.0,18774494.0
485585,Ian Maatsen,2026-03-09,2025,Aston Villa,Defender,24.0,30000000.0,18000000.0,11104783.0,10602142.0
485706,Amadou Onana,2026-03-09,2025,Aston Villa,Midfield,24.6,45000000.0,21500000.0,16006155.0,18123141.0
487969,Randal Kolo Muani,2026-03-09,2025,Tottenham Hotspur,Attack,27.3,22000000.0,20000000.0,7023720.0,17945068.0
494880,Jorge Cuenca,2026-03-09,2025,Fulham FC,Defender,26.3,8000000.0,16000000.0,8018806.0,7233392.0
503686,Dan Ballard,2026-03-09,2025,Sunderland AFC,Defender,26.5,20000000.0,16000000.0,14450751.0,3897439.0
503743,Morgan Rogers,2026-03-09,2025,Aston Villa,Midfield,23.6,80000000.0,21500000.0,50272930.0,44750810.0
503883,Senne Lammens,2026-03-09,2025,Manchester United,Goalkeeper,23.7,30000000.0,15000000.0,19065548.0,34186184.0
504849,Kaoru Mitoma,2026-03-09,2025,Brighton & Hove Albion,Attack,28.8,25000000.0,20000000.0,8567668.0,10201772.0
505219,James Garner,2026-03-09,2025,Everton FC,Midfield,25.0,35000000.0,21500000.0,29450381.0,31234573.0
515544,Trai Hume,2026-03-09,2025,Sunderland AFC,Defender,24.0,22000000.0,18000000.0,18401283.0,5532574.0
521964,Malick Thiaw,2026-03-09,2025,Newcastle United,Defender,24.6,45000000.0,18000000.0,20752377.0,16609511.0
522784,Taty Castellanos,2026-03-09,2025,West Ham United,Attack,27.4,28000000.0,20000000.0,10020595.0,12758988.0
525247,Maximilian Kilman,2026-03-09,2025,West Ham United,Defender,28.8,16000000.0,16000000.0,7063807.0,7231326.0
534033,Alexis Mac Allister,2026-03-09,2025,Liverpool FC,Midfield,27.2,80000000.0,18000000.0,14358040.0,30772575.0
538977,Georginio Rutter,2026-03-09,2025,Brighton & Hove Albion,Attack,23.9,30000000.0,25000000.0,17544171.0,17208889.0
541231,Sepp van den Berg,2026-03-09,2025,Brentford FC,Defender,24.2,32000000.0,18000000.0,17582154.0,18523921.0
556385,Destiny Udogie,2026-03-09,2025,Tottenham Hotspur,Defender,23.3,35000000.0,18000000.0,13077732.0,20597862.0
565093,Bart Verbruggen,2026-03-09,2025,Brighton & Hove Albion,Goalkeeper,23.6,40000000.0,15000000.0,22735324.0,18273325.0
566931,Xavi Simons,2026-03-09,2025,Tottenham Hotspur,Midfield,22.9,50000000.0,21500000.0,25041862.0,37890482.0
568177,Cole Palmer,2026-03-09,2025,Chelsea FC,Midfield,23.8,110000000.0,21500000.0,47751523.0,65215807.0
568693,Pape Matar Sarr,2026-03-09,2025,Tottenham Hotspur,Midfield,23.5,32000000.0,21500000.0,23544159.0,32439204.0
571743,Armando Broja,2026-03-09,2025,Burnley FC,Attack,24.5,8000000.0,25000000.0,10423138.0,5985735.0
583189,Anthony Elanga,2026-03-09,2025,Newcastle United,Attack,23.9,40000000.0,25000000.0,9065714.0,9925811.0
583255,Antoine Semenyo,2026-03-09,2025,Manchester City,Attack,26.2,75000000.0,20000000.0,42323278.0,111410628.0
601883,Matheus Nunes,2026-03-09,2025,Manchester City,Defender,27.5,45000000.0,16000000.0,16590323.0,38641110.0
606718,Toti,2026-03-09,2025,Wolverhampton Wanderers,Defender,27.1,20000000.0,16000000.0,7777862.0,10148132.0
607223,Rayan Cherki,2026-03-09,2025,Manchester City,Midfield,22.6,65000000.0,21500000.0,45776814.0,66084999.0
607224,Hannibal,2026-03-09,2025,Burnley FC,Midfield,23.1,16000000.0,21500000.0,20477905.0,7242782.0
610849,Liam Delap,2026-03-09,2025,Chelsea FC,Attack,23.1,32000000.0,25000000.0,11915730.0,27690552.0
611793,James Hill,2026-03-09,2025,AFC Bournemouth,Defender,24.2,15000000.0,18000000.0,14993703.0,7439232.0
612517,Bashir Humphreys,2026-03-09,2025,Burnley FC,Defender,23.0,15000000.0,18000000.0,17510925.0,7461466.0
623570,Iliman Ndiaye,2026-03-09,2025,Everton FC,Attack,26.0,50000000.0,20000000.0,20610669.0,25988435.0
626724,João Pedro,2026-03-09,2025,Chelsea FC,Attack,24.4,75000000.0,25000000.0,59222739.0,86657617.0
627442,Benjamin Sesko,2026-03-09,2025,Manchester United,Attack,22.8,65000000.0,25000000.0,30974350.0,49922413.0
633992,Enzo Le Fée,2026-03-09,2025,Sunderland AFC,Midfield,26.1,25000000.0,18000000.0,24768095.0,6931536.0
644401,Keane Lewis-Potter,2026-03-09,2025,Brentford FC,Midfield,25.0,25000000.0,21500000.0,14324207.0,11985622.0
645686,Lamare Bogarde,2026-03-09,2025,Aston Villa,Midfield,22.2,15000000.0,21500000.0,10192104.0,10883011.0
646991,Robin Roefs,2026-03-09,2025,Sunderland AFC,Goalkeeper,23.1,25000000.0,15000000.0,23556715.0,6582182.0
648195,Enzo Fernández,2026-03-09,2025,Chelsea FC,Midfield,25.1,90000000.0,18000000.0,36065892.0,66743385.0
654539,Adrien Truffert,2026-03-09,2025,AFC Bournemouth,Defender,24.3,25000000.0,18000000.0,20703224.0,12694072.0
661207,Oscar Bobb,2026-03-09,2025,Fulham FC,Attack,22.7,30000000.0,25000000.0,11732314.0,12594372.0
670858,Lewis Hall,2026-03-09,2025,Newcastle United,Defender,21.5,35000000.0,18000000.0,20837466.0,15692868.0
670882,Jamie Gittens,2026-03-09,2025,Chelsea FC,Attack,21.6,35000000.0,25000000.0,16196043.0,32220803.0
684210,Jaidon Anthony,2026-03-09,2025,Burnley FC,Attack,26.3,18000000.0,20000000.0,19813175.0,10131842.0
696589,Tim Iroegbunam,2026-03-09,2025,Everton FC,Midfield,22.7,15000000.0,21500000.0,18481167.0,16104554.0
698164,Freddie Potts,2026-03-09,2025,West Ham United,Midfield,22.5,10000000.0,21500000.0,16083850.0,15287973.0
698678,Hugo Bueno,2026-03-09,2025,Wolverhampton Wanderers,Defender,23.5,12000000.0,18000000.0,16278804.0,17856572.0
708072,Nicolò Savona,2026-03-09,2025,Nottingham Forest,Defender,23.0,18000000.0,18000000.0,17510837.0,17287664.0
709726,Hugo Ekitiké,2026-03-09,2025,Liverpool FC,Attack,23.7,90000000.0,25000000.0,43453903.0,70554544.0
711337,Evanilson,2026-03-09,2025,AFC Bournemouth,Attack,26.4,35000000.0,20000000.0,16685388.0,12506664.0
711544,Jake O'Brien,2026-03-09,2025,Everton FC,Defender,24.8,18000000.0,18000000.0,16791626.0,18219450.0
716276,Yerson Mosquera,2026-03-09,2025,Wolverhampton Wanderers,Defender,24.9,12000000.0,18000000.0,12005655.0,15167811.0
717411,Yegor Yarmolyuk,2026-03-09,2025,Brentford FC,Midfield,22.0,30000000.0,21500000.0,25011449.0,25276882.0
727089,Noah Sadiki,2026-03-09,2025,Sunderland AFC,Midfield,21.2,30000000.0,21500000.0,27604144.0,9671222.0
735570,João Gomes,2026-03-09,2025,Wolverhampton Wanderers,Midfield,25.1,35000000.0,18000000.0,17090608.0,24201265.0
739443,Igor Thiago,2026-03-09,2025,Brentford FC,Attack,24.7,50000000.0,25000000.0,50569048.0,47919309.0
741257,Álex Jiménez,2026-03-09,2025,AFC Bournemouth,Defender,20.8,22000000.0,15000000.0,22613401.0,12889366.0
743384,Chemsdine Talbi,2026-03-09,2025,Sunderland AFC,Attack,20.8,25000000.0,22000000.0,25817648.0,7576041.0
743413,Nico O'Reilly,2026-03-09,2025,Manchester City,Defender,21.0,50000000.0,15000000.0,35555522.0,73533980.0
743498,Wilson Odobert,2026-03-09,2025,Tottenham Hotspur,Attack,21.3,20000000.0,25000000.0,13690459.0,26587209.0
743591,Savinho,2026-03-09,2025,Manchester City,Attack,21.9,40000000.0,25000000.0,14751113.0,40596698.0
743600,Andrey Santos,2026-03-09,2025,Chelsea FC,Midfield,21.8,45000000.0,21500000.0,13043424.0,28634233.0
747009,Justin Devenny,2026-03-09,2025,Crystal Palace,Midfield,22.4,12000000.0,21500000.0,14017576.0,9014623.0
800176,André,2026-03-09,2025,Wolverhampton Wanderers,Midfield,24.6,25000000.0,21500000.0,16974357.0,23527414.0
801734,Mathys Tel,2026-03-09,2025,Tottenham Hotspur,Attack,20.9,25000000.0,22000000.0,18805761.0,32506558.0
811779,Alejandro Garnacho,2026-03-09,2025,Chelsea FC,Attack,21.7,40000000.0,25000000.0,24187864.0,47113503.0
820374,Kobbie Mainoo,2026-03-09,2025,Manchester United,Midfield,20.9,50000000.0,18000000.0,20272534.0,33271604.0
823486,Michael Kayode,2026-03-09,2025,Brentford FC,Defender,21.7,35000000.0,18000000.0,24708292.0,26157927.0
855256,Alex Scott,2026-03-09,2025,AFC Bournemouth,Midfield,22.5,40000000.0,21500000.0,25237899.0,15733632.0
880245,Mateus Fernandes,2026-03-09,2025,West Ham United,Midfield,21.7,35000000.0,21500000.0,37601425.0,32861718.0
922563,Oliver Scarles,2026-03-09,2025,West Ham United,Defender,20.2,10000000.0,15000000.0,18862198.0,14506209.0
922769,Lewis Miley,2026-03-09,2025,Newcastle United,Midfield,19.9,25000000.0,18000000.0,33150594.0,22474123.0
923831,Leny Yoro,2026-03-09,2025,Manchester United,Defender,20.3,50000000.0,15000000.0,19675529.0,29733459.0
926952,Patrick Dorgu,2026-03-09,2025,Manchester United,Attack,21.4,35000000.0,25000000.0,26442558.0,49656819.0
955357,Junior Kroupi,2026-03-09,2025,AFC Bournemouth,Attack,19.7,40000000.0,22000000.0,43914389.0,20369662.0
973085,Carlos Baleba,2026-03-09,2025,Brighton & Hove Albion,Midfield,22.2,55000000.0,21500000.0,14183504.0,12824691.0
1004708,Josh Acheampong,2026-03-09,2025,Chelsea FC,Defender,19.8,25000000.0,15000000.0,20134599.0,34818752.0
1005649,Murillo,2026-03-09,2025,Nottingham Forest,Defender,23.7,50000000.0,18000000.0,17292659.0,19649695.0
1012564,Rayan,2026-03-09,2025,AFC Bournemouth,Attack,19.6,40000000.0,22000000.0,42947661.0,22951704.0
1078163,Ayden Heaven,2026-03-09,2025,Manchester United,Defender,19.5,20000000.0,15000000.0,19892965.0,30411851.0
1107733,Harrison Armstrong,2026-03-09,2025,Everton FC,Midfield,19.1,12000000.0,18000000.0,19451713.0,21943700.0
1230661,Mateus Mané,2026-03-09,2025,Wolverhampton Wanderers,Midfield,18.5,20000000.0,18000000.0,41241716.0,40831271.0
3333,James Milner,2026-06-03,2025,Brighton & Hove Albion,Midfield,40.4,500000.0,7000000.0,1732360.0,1636590.0
16306,Casemiro,2026-06-03,2025,Manchester United,Midfield,34.3,6000000.0,7000000.0,10239253.0,19397339.0
61651,Jordan Henderson,2026-06-03,2025,Brentford FC,Midfield,36.0,1200000.0,7000000.0,3997147.0,4503924.0
61841,Adam Smith,2026-06-03,2025,AFC Bournemouth,Defender,35.1,300000.0,5000000.0,2940562.0,1700660.0
67063,Danny Welbeck,2026-06-03,2025,Brighton & Hove Albion,Attack,35.5,3000000.0,8000000.0,7047874.0,6412145.0
72476,Bernd Leno,2026-06-03,2025,Fulham FC,Goalkeeper,34.2,6000000.0,6000000.0,7683547.0,7399945.0
74960,Martin Dúbravka,2026-06-03,2025,Burnley FC,Goalkeeper,37.4,500000.0,6000000.0,4738902.0,2722566.0
82873,Pascal Groß,2026-06-03,2025,Brighton & Hove Albion,Midfield,35.0,2500000.0,7000000.0,5904986.0,5845901.0
85177,Nathaniel Clyne,2026-06-03,2025,Crystal Palace,Defender,35.2,300000.0,5000000.0,2997620.0,2153171.0
95424,Kyle Walker,2026-06-03,2025,Burnley FC,Defender,36.0,1500000.0,5000000.0,5306597.0,3132105.0
95810,Kieran Trippier,2026-06-03,2025,Newcastle United,Defender,35.7,1500000.0,5000000.0,3307249.0,3271109.0
99397,Karl Darlow,2026-06-03,2025,Leeds United,Goalkeeper,35.7,200000.0,6000000.0,4116045.0,3674657.0
105470,Alisson,2026-06-03,2025,Liverpool FC,Goalkeeper,33.7,15000000.0,6000000.0,5899351.0,13428246.0
108725,Chris Wood,2026-06-03,2025,Nottingham Forest,Attack,34.5,5000000.0,8000000.0,4192112.0,6521733.0
110864,Sam Johnstone,2026-06-03,2025,Wolverhampton Wanderers,Goalkeeper,33.2,2000000.0,6000000.0,4289230.0,5568721.0
111195,Joël Veltman,2026-06-03,2025,Brighton & Hove Albion,Defender,34.4,1500000.0,5000000.0,2679894.0,2289008.0
111455,Granit Xhaka,2026-06-03,2025,Sunderland AFC,Midfield,33.7,8000000.0,7000000.0,9800146.0,3345906.0
111873,Emiliano Martínez,2026-06-03,2025,Aston Villa,Goalkeeper,33.7,12000000.0,6000000.0,7080141.0,8067315.0
118534,Michael Keane,2026-06-03,2025,Everton FC,Defender,33.4,3000000.0,5000000.0,6748525.0,7497827.0
120629,Alphonse Areola,2026-06-03,2025,West Ham United,Goalkeeper,33.3,4000000.0,6000000.0,5679397.0,5467258.0
123275,Tom Cairney,2026-06-03,2025,Fulham FC,Midfield,35.4,500000.0,7000000.0,2952096.0,2549204.0
123682,Callum Wilson,2026-06-03,2025,West Ham United,Attack,34.3,4000000.0,8000000.0,5116486.0,4506220.0
124884,Marco Bizot,2026-06-03,2025,Aston Villa,Goalkeeper,35.2,1500000.0,6000000.0,2829392.0,3309824.0
126664,Lucas Digne,2026-06-03,2025,Aston Villa,Defender,32.9,6000000.0,5000000.0,5833647.0,5086886.0
126665,Idrissa Gueye,2026-06-03,2025,Everton FC,Midfield,36.7,500000.0,7000000.0,5348180.0,6806129.0
127202,Matz Sels,2026-06-03,2025,Nottingham Forest,Goalkeeper,34.3,3500000.0,6000000.0,5794717.0,7118338.0
130164,Jordan Pickford,2026-06-03,2025,Everton FC,Goalkeeper,32.2,13000000.0,6000000.0,9875315.0,11334857.0
131978,Ross Barkley,2026-06-03,2025,Aston Villa,Midfield,32.5,4000000.0,7000000.0,6658256.0,6060072.0
131996,Bertrand Traoré,2026-06-03,2025,Sunderland AFC,Attack,30.7,4000000.0,8000000.0,4731470.0,2083752.0
134270,Dan Burn,2026-06-03,2025,Newcastle United,Defender,34.1,4000000.0,5000000.0,5551395.0,4829024.0
135343,Fabian Schär,2026-06-03,2025,Newcastle United,Defender,34.5,4000000.0,5000000.0,2982070.0,3025272.0
139208,Virgil van Dijk,2026-06-03,2025,Liverpool FC,Defender,34.9,15000000.0,5000000.0,8523192.0,19984988.0
144028,Leandro Trossard,2026-06-03,2025,Arsenal FC,Attack,31.5,18000000.0,8000000.0,10835290.0,18970331.0
148153,Lewis Dunk,2026-06-03,2025,Brighton & Hove Albion,Defender,34.5,3500000.0,5000000.0,5754567.0,5927861.0
148455,Mohamed Salah,2026-06-03,2025,Liverpool FC,Attack,34.0,22000000.0,8000000.0,10596523.0,23555865.0
171679,Matt Doherty,2026-06-03,2025,Wolverhampton Wanderers,Defender,34.4,1000000.0,5000000.0,2902939.0,4222369.0
173504,James Tarkowski,2026-06-03,2025,Everton FC,Defender,33.5,5000000.0,5000000.0,9309485.0,10892448.0
177476,Nathan Aké,2026-06-03,2025,Manchester City,Defender,31.3,12000000.0,5000000.0,3237856.0,9406378.0
177907,Harry Maguire,2026-06-03,2025,Manchester United,Defender,33.2,8000000.0,5000000.0,5277359.0,10038169.0
181579,James Ward-Prowse,2026-06-03,2025,Burnley FC,Midfield,31.6,5000000.0,7000000.0,5287527.0,3059472.0
183288,Luke Shaw,2026-06-03,2025,Manchester United,Defender,30.9,8000000.0,5000000.0,10365089.0,22096972.0
184573,Victor Lindelöf,2026-06-03,2025,Aston Villa,Defender,31.9,5000000.0,5000000.0,4211259.0,4536030.0
188077,Ryan Christie,2026-06-03,2025,AFC Bournemouth,Midfield,31.3,8000000.0,7000000.0,4880155.0,2957012.0
192080,Nick Pope,2026-06-03,2025,Newcastle United,Goalkeeper,34.1,5000000.0,6000000.0,5717693.0,5398513.0
193116,John McGinn,2026-06-03,2025,Aston Villa,Midfield,31.6,13000000.0,7000000.0,12637819.0,12072632.0
199527,Jacob Murphy,2026-06-03,2025,Newcastle United,Attack,31.3,12000000.0,8000000.0,5371493.0,5445546.0
203460,Jack Grealish,2026-06-03,2025,Everton FC,Attack,30.7,20000000.0,8000000.0,10934350.0,13210596.0
206040,Raúl Jiménez,2026-06-03,2025,Fulham FC,Attack,35.1,3000000.0,8000000.0,6396431.0,6078536.0
206746,Kenny Tete,2026-06-03,2025,Fulham FC,Defender,30.7,8000000.0,5000000.0,6862523.0,6534965.0
207014,Will Hughes,2026-06-03,2025,Crystal Palace,Midfield,31.1,5000000.0,7000000.0,4529739.0,3692476.0
234803,Andrew Robertson,2026-06-03,2025,Liverpool FC,Defender,32.2,7000000.0,5000000.0,3759836.0,7771160.0
236490,Ola Aina,2026-06-03,2025,Nottingham Forest,Defender,29.7,18000000.0,5000000.0,7056203.0,9141219.0
240306,Bruno Fernandes,2026-06-03,2025,Manchester United,Midfield,31.7,35000000.0,7000000.0,39110586.0,45593155.0
240692,Reinildo Mandava,2026-06-03,2025,Sunderland AFC,Defender,32.4,4000000.0,5000000.0,5945428.0,1894233.0
241641,Bernardo Silva,2026-06-03,2025,Manchester City,Midfield,31.8,22000000.0,7000000.0,10517438.0,32210269.0
242606,Josh Cullen,2026-06-03,2025,Burnley FC,Midfield,30.2,4000000.0,7000000.0,10749465.0,5666555.0
242631,Alex Iwobi,2026-06-03,2025,Fulham FC,Attack,30.1,20000000.0,8000000.0,11507566.0,13656965.0
245056,Saša Lukić,2026-06-03,2025,Fulham FC,Midfield,29.8,10000000.0,7000000.0,9564393.0,8405239.0
249089,Lewis Cook,2026-06-03,2025,AFC Bournemouth,Midfield,29.3,11000000.0,7000000.0,6306589.0,4167431.0
249565,Youri Tielemans,2026-06-03,2025,Aston Villa,Midfield,29.1,30000000.0,7000000.0,11295761.0,12645476.0
249994,José Sá,2026-06-03,2025,Wolverhampton Wanderers,Goalkeeper,33.4,3500000.0,6000000.0,5644838.0,7440197.0
250426,Adam Armstrong,2026-06-03,2025,Wolverhampton Wanderers,Attack,29.3,6000000.0,8000000.0,9575860.0,14876979.0
253677,Tyrone Mings,2026-06-03,2025,Aston Villa,Defender,33.2,3000000.0,5000000.0,4377453.0,5200891.0
256178,Joe Gomez,2026-06-03,2025,Liverpool FC,Defender,29.0,13000000.0,16000000.0,5856556.0,8723360.0
257455,João Palhinha,2026-06-03,2025,Tottenham Hotspur,Midfield,30.9,15000000.0,7000000.0,10606405.0,18297395.0
258004,Rúben Dias,2026-06-03,2025,Manchester City,Defender,29.1,55000000.0,5000000.0,9834096.0,28823640.0
258878,Tosin Adarabioyo,2026-06-03,2025,Chelsea FC,Defender,28.7,16000000.0,16000000.0,5087544.0,11218448.0
258889,Dominic Solanke,2026-06-03,2025,Tottenham Hotspur,Attack,28.7,28000000.0,20000000.0,8777279.0,20432964.0
258919,Dean Henderson,2026-06-03,2025,Crystal Palace,Goalkeeper,29.2,28000000.0,6000000.0,14002356.0,10120096.0
260827,Joachim Andersen,2026-06-03,2025,Fulham FC,Defender,30.0,20000000.0,5000000.0,10295548.0,10032575.0
262226,Timothy Castagne,2026-06-03,2025,Fulham FC,Defender,30.5,8000000.0,5000000.0,5205472.0,4733556.0
262749,David Raya,2026-06-03,2025,Arsenal FC,Goalkeeper,30.7,30000000.0,6000000.0,11600032.0,21337171.0
262980,Jefferson Lerma,2026-06-03,2025,Crystal Palace,Midfield,31.6,6000000.0,7000000.0,6439229.0,4395928.0
263236,Kevin Danso,2026-06-03,2025,Tottenham Hotspur,Defender,27.7,20000000.0,16000000.0,7090247.0,12963703.0
270171,Vitaly Janelt,2026-06-03,2025,Brentford FC,Midfield,28.1,16000000.0,18000000.0,11858373.0,10645842.0
272622,Issa Diop,2026-06-03,2025,Fulham FC,Defender,29.4,8000000.0,5000000.0,6299173.0,5424427.0
277033,David Brooks,2026-06-03,2025,AFC Bournemouth,Attack,28.9,12000000.0,20000000.0,5955156.0,3853662.0
279455,Harry Wilson,2026-06-03,2025,Fulham FC,Attack,29.2,25000000.0,8000000.0,20501357.0,17568506.0
282939,Luke O'Nien,2026-06-03,2025,Sunderland AFC,Defender,31.5,700000.0,5000000.0,4451874.0,1249120.0
283628,Tomáš Souček,2026-06-03,2025,West Ham United,Midfield,31.3,10000000.0,7000000.0,8394025.0,8153442.0
284857,Marc Cucurella,2026-06-03,2025,Chelsea FC,Defender,27.9,50000000.0,16000000.0,14424979.0,28533947.0
286047,Guglielmo Vicario,2026-06-03,2025,Tottenham Hotspur,Goalkeeper,29.7,18000000.0,6000000.0,11167383.0,20522748.0
292246,Hee-chan Hwang,2026-06-03,2025,Wolverhampton Wanderers,Attack,30.4,6000000.0,8000000.0,6327840.0,9671313.0
293281,Jacob Bruun Larsen,2026-06-03,2025,Burnley FC,Attack,27.7,4000000.0,20000000.0,4830434.0,3026380.0
295313,Taiwo Awoniyi,2026-06-03,2025,Nottingham Forest,Attack,28.8,8000000.0,20000000.0,23791078.0,15159623.0
297212,Joe Rodon,2026-06-03,2025,Leeds United,Defender,28.6,18000000.0,16000000.0,12880377.0,11010804.0
306024,Dominic Calvert-Lewin,2026-06-03,2025,Leeds United,Attack,29.2,22000000.0,8000000.0,19990056.0,17697389.0
309400,Kai Havertz,2026-06-03,2025,Arsenal FC,Attack,27.0,55000000.0,20000000.0,19586054.0,26105042.0
314241,Josh Laurent,2026-06-03,2025,Burnley FC,Midfield,31.1,1500000.0,7000000.0,5270002.0,2917120.0
314288,Lukas Nmecha,2026-06-03,2025,Leeds United,Attack,27.5,10000000.0,20000000.0,11223660.0,7435650.0
314367,Marcus Edwards,2026-06-03,2025,Burnley FC,Attack,27.5,6000000.0,20000000.0,8818474.0,4652471.0
314875,Jarrod Bowen,2026-06-03,2025,West Ham United,Attack,29.5,30000000.0,8000000.0,27007958.0,27776710.0
315858,Gianluigi Donnarumma,2026-06-03,2025,Manchester City,Goalkeeper,27.3,45000000.0,17000000.0,16377202.0,45755199.0
316264,Martin Ødegaard,2026-06-03,2025,Arsenal FC,Midfield,27.5,65000000.0,18000000.0,17400547.0,21232646.0
318508,Olivier Boscagli,2026-06-03,2025,Brighton & Hove Albion,Defender,28.5,15000000.0,16000000.0,7029775.0,5817751.0
319301,Daniel James,2026-06-03,2025,Leeds United,Attack,28.6,10000000.0,20000000.0,3677513.0,4271568.0
319859,Mathias Jensen,2026-06-03,2025,Brentford FC,Midfield,30.4,10000000.0,7000000.0,8631348.0,9324722.0
321247,Emiliano Buendía,2026-06-03,2025,Aston Villa,Attack,29.4,16000000.0,8000000.0,8590368.0,9423304.0
324358,Ollie Watkins,2026-06-03,2025,Aston Villa,Attack,30.4,25000000.0,8000000.0,20730323.0,22822970.0
325443,Viktor Gyökeres,2026-06-03,2025,Arsenal FC,Attack,28.0,65000000.0,20000000.0,19841953.0,31848685.0
326031,Matthijs de Ligt,2026-06-03,2025,Manchester United,Defender,26.8,30000000.0,16000000.0,10337938.0,20448556.0
328658,Kristoffer Ajer,2026-06-03,2025,Brentford FC,Defender,28.1,18000000.0,16000000.0,8133323.0,8356602.0
330659,Justin Kluivert,2026-06-03,2025,AFC Bournemouth,Midfield,27.1,25000000.0,18000000.0,9823807.0,5920050.0
332705,Tyler Adams,2026-06-03,2025,AFC Bournemouth,Midfield,27.3,25000000.0,18000000.0,13949178.0,8656948.0
333014,Sander Berge,2026-06-03,2025,Fulham FC,Midfield,28.3,25000000.0,18000000.0,14121713.0,15184664.0
333241,Joelinton,2026-06-03,2025,Newcastle United,Midfield,29.8,25000000.0,7000000.0,9729292.0,9365445.0
335721,Ben White,2026-06-03,2025,Arsenal FC,Defender,28.7,30000000.0,16000000.0,6597043.0,10857932.0
336077,Altay Bayındır,2026-06-03,2025,Manchester United,Goalkeeper,28.1,5000000.0,17000000.0,6907160.0,12984038.0
338424,Mikel Merino,2026-06-03,2025,Arsenal FC,Midfield,29.9,25000000.0,7000000.0,13460092.0,16091887.0
339556,Rico Henry,2026-06-03,2025,Brentford FC,Defender,28.9,13000000.0,16000000.0,5332652.0,5578667.0
340329,Joe Willock,2026-06-03,2025,Newcastle United,Midfield,26.8,14000000.0,18000000.0,8697385.0,6804435.0
340456,Noussair Mazraoui,2026-06-03,2025,Manchester United,Defender,28.6,18000000.0,16000000.0,5168394.0,10065889.0
340918,Caoimhín Kelleher,2026-06-03,2025,Brentford FC,Goalkeeper,27.5,28000000.0,17000000.0,17331732.0,18022764.0
341051,Kyle Walker-Peters,2026-06-03,2025,West Ham United,Defender,29.1,12000000.0,5000000.0,6403381.0,5968302.0
342046,Axel Tuanzebe,2026-06-03,2025,Burnley FC,Defender,28.6,5000000.0,16000000.0,8137079.0,4236243.0
344069,Anton Stach,2026-06-03,2025,Leeds United,Midfield,27.5,28000000.0,18000000.0,21025147.0,16253938.0
345911,Ladislav Krejci,2026-06-03,2025,Wolverhampton Wanderers,Defender,27.1,22000000.0,16000000.0,14313156.0,17329390.0
346314,Trevoh Chalobah,2026-06-03,2025,Chelsea FC,Defender,26.9,40000000.0,16000000.0,15683476.0,33450128.0
346483,Mason Mount,2026-06-03,2025,Manchester United,Midfield,27.4,25000000.0,18000000.0,10291694.0,17843880.0
346707,Sean Longstaff,2026-06-03,2025,Leeds United,Midfield,28.6,15000000.0,18000000.0,9887025.0,6514310.0
346890,Noah Okafor,2026-06-03,2025,Leeds United,Attack,26.0,25000000.0,20000000.0,18132761.0,13817440.0
348026,Nordi Mukiele,2026-06-03,2025,Sunderland AFC,Defender,28.6,16000000.0,16000000.0,16405550.0,4554411.0
349066,Alexander Isak,2026-06-03,2025,Liverpool FC,Attack,26.7,85000000.0,20000000.0,14248456.0,29488106.0
349701,Antonee Robinson,2026-06-03,2025,Fulham FC,Defender,28.8,22000000.0,16000000.0,7301794.0,6432650.0
352041,Lucas Perri,2026-06-03,2025,Leeds United,Goalkeeper,28.5,10000000.0,17000000.0,8626587.0,6868446.0
353032,Omar Alderete,2026-06-03,2025,Sunderland AFC,Defender,29.4,13000000.0,5000000.0,11207304.0,3614886.0
354362,Rodrigo Bentancur,2026-06-03,2025,Tottenham Hotspur,Midfield,28.9,20000000.0,18000000.0,9992100.0,20329848.0
355915,Cristian Romero,2026-06-03,2025,Tottenham Hotspur,Defender,28.1,45000000.0,16000000.0,13378251.0,21464633.0
356141,Daichi Kamada,2026-06-03,2025,Crystal Palace,Midfield,29.8,10000000.0,7000000.0,7804700.0,6451374.0
357119,Ibrahima Konaté,2026-06-03,2025,Liverpool FC,Defender,27.0,45000000.0,16000000.0,15857064.0,35814780.0
357147,Diogo Dalot,2026-06-03,2025,Manchester United,Defender,27.2,30000000.0,16000000.0,14210891.0,25445801.0
357162,Florentino,2026-06-03,2025,Burnley FC,Midfield,26.8,16000000.0,18000000.0,12534293.0,6684779.0
357565,Rodri,2026-06-03,2025,Manchester City,Midfield,29.9,50000000.0,7000000.0,7655628.0,25896275.0
357662,Declan Rice,2026-06-03,2025,Arsenal FC,Midfield,27.4,120000000.0,18000000.0,27501411.0,45883416.0
361093,Sven Botman,2026-06-03,2025,Newcastle United,Defender,26.4,35000000.0,16000000.0,11870981.0,9790910.0
362108,Gabriel Gudmundsson,2026-06-03,2025,Leeds United,Defender,27.1,20000000.0,16000000.0,12507937.0,10869427.0
365108,Dan Ndoye,2026-06-03,2025,Nottingham Forest,Attack,25.6,32000000.0,20000000.0,8805857.0,12429164.0
369316,Ferdi Kadıoğlu,2026-06-03,2025,Brighton & Hove Albion,Defender,26.7,35000000.0,16000000.0,16314511.0,14925309.0
371851,Jaka Bijol,2026-06-03,2025,Leeds United,Defender,27.3,20000000.0,16000000.0,11737993.0,8761385.0
375885,Ibrahim Sangaré,2026-06-03,2025,Nottingham Forest,Midfield,28.5,20000000.0,18000000.0,12663316.0,15210095.0
378710,Richarlison,2026-06-03,2025,Tottenham Hotspur,Attack,29.1,25000000.0,8000000.0,18337544.0,28018852.0
381753,Ilia Gruev,2026-06-03,2025,Leeds United,Midfield,26.1,12000000.0,18000000.0,12582777.0,9376416.0
386047,Axel Disasi,2026-06-03,2025,West Ham United,Defender,28.2,15000000.0,16000000.0,7761367.0,8169913.0
387626,Leon Bailey,2026-06-03,2025,Aston Villa,Attack,28.8,14000000.0,20000000.0,5446336.0,7424252.0
388165,Yoane Wissa,2026-06-03,2025,Newcastle United,Attack,29.7,25000000.0,8000000.0,5512934.0,5143305.0
392179,Hjalmar Ekdal,2026-06-03,2025,Burnley FC,Defender,27.6,5000000.0,16000000.0,8627137.0,4649671.0
392757,Marc Guéhi,2026-06-03,2025,Manchester City,Defender,25.9,70000000.0,16000000.0,25425650.0,65774279.0
392765,Emile Smith Rowe,2026-06-03,2025,Fulham FC,Midfield,25.8,20000000.0,18000000.0,11818147.0,9659613.0
392768,Callum Hudson-Odoi,2026-06-03,2025,Nottingham Forest,Attack,25.6,30000000.0,20000000.0,15237815.0,18561274.0
392770,Angel Gomes,2026-06-03,2025,Wolverhampton Wanderers,Midfield,25.8,10000000.0,18000000.0,7745440.0,10788249.0
392771,Ethan Ampadu,2026-06-03,2025,Leeds United,Midfield,25.7,30000000.0,18000000.0,23506797.0,22608142.0
392775,Ryan Sessegnon,2026-06-03,2025,Fulham FC,Defender,26.0,22000000.0,16000000.0,16057796.0,10812565.0
393323,Brenden Aaronson,2026-06-03,2025,Leeds United,Midfield,25.6,22000000.0,18000000.0,22795788.0,15343537.0
394327,Boubacar Kamara,2026-06-03,2025,Aston Villa,Midfield,26.5,40000000.0,18000000.0,16210981.0,16938101.0
397033,Sandro Tonali,2026-06-03,2025,Newcastle United,Midfield,26.1,80000000.0,18000000.0,15628474.0,14806741.0
398065,Harvey Barnes,2026-06-03,2025,Newcastle United,Attack,28.5,32000000.0,20000000.0,9998470.0,9186629.0
399434,Marcus Tavernier,2026-06-03,2025,AFC Bournemouth,Midfield,27.2,25000000.0,18000000.0,26121692.0,14636455.0
399776,Pau Torres,2026-06-03,2025,Aston Villa,Defender,29.4,20000000.0,5000000.0,7066331.0,8511008.0
400536,Mads Hermansen,2026-06-03,2025,West Ham United,Goalkeeper,25.9,15000000.0,17000000.0,13725514.0,11735642.0
401173,Jadon Sancho,2026-06-03,2025,Aston Villa,Attack,26.2,18000000.0,20000000.0,7368784.0,9087197.0
401922,Samuel Chukwueze,2026-06-03,2025,Fulham FC,Attack,27.0,18000000.0,20000000.0,14315271.0,10632446.0
403151,Robert Sánchez,2026-06-03,2025,Chelsea FC,Goalkeeper,28.5,22000000.0,17000000.0,14115316.0,29278455.0
404842,Vitaliy Mykolenko,2026-06-03,2025,Everton FC,Defender,27.0,25000000.0,16000000.0,15810259.0,18312345.0
406635,Phil Foden,2026-06-03,2025,Manchester City,Midfield,26.0,70000000.0,18000000.0,26485527.0,53258707.0
410225,Ismaïla Sarr,2026-06-03,2025,Crystal Palace,Attack,28.3,40000000.0,20000000.0,16816260.0,13765135.0
410425,Yves Bissouma,2026-06-03,2025,Tottenham Hotspur,Midfield,29.8,10000000.0,7000000.0,5287705.0,11774344.0
410708,Pascal Struijk,2026-06-03,2025,Leeds United,Defender,26.8,22000000.0,16000000.0,15491584.0,13242397.0
411537,Zian Flemming,2026-06-03,2025,Burnley FC,Attack,27.8,12000000.0,20000000.0,17473907.0,8421840.0
413039,Bryan Mbeumo,2026-06-03,2025,Manchester United,Attack,26.8,75000000.0,20000000.0,25714843.0,53054713.0
413220,James Justin,2026-06-03,2025,Leeds United,Defender,28.3,12000000.0,16000000.0,9290304.0,6798174.0
413403,Ezri Konsa,2026-06-03,2025,Aston Villa,Defender,28.6,40000000.0,16000000.0,12575500.0,15579736.0
413507,Nikola Milenković,2026-06-03,2025,Nottingham Forest,Defender,28.6,28000000.0,16000000.0,13836099.0,17986919.0
415381,Mats Wieffer,2026-06-03,2025,Brighton & Hove Albion,Defender,26.5,25000000.0,16000000.0,14797281.0,10659789.0
415912,Konstantinos Mavropanos,2026-06-03,2025,West Ham United,Defender,28.5,18000000.0,16000000.0,12179332.0,11648753.0
415970,Joe Worrall,2026-06-03,2025,Burnley FC,Defender,29.4,2000000.0,5000000.0,4499678.0,2363281.0
418560,Erling Haaland,2026-06-03,2025,Manchester City,Attack,25.9,200000000.0,20000000.0,90407464.0,168155290.0
420002,Jean-Philippe Mateta,2026-06-03,2025,Crystal Palace,Attack,28.9,30000000.0,20000000.0,16316852.0,12344229.0
420210,Lutsharel Geertruida,2026-06-03,2025,Sunderland AFC,Defender,25.9,20000000.0,16000000.0,8909867.0,2622200.0
420243,Jurriën Timber,2026-06-03,2025,Arsenal FC,Defender,25.0,70000000.0,18000000.0,25997163.0,35193129.0
423440,Martín Zubimendi,2026-06-03,2025,Arsenal FC,Midfield,27.3,75000000.0,18000000.0,20124125.0,37377131.0
425334,Matty Cash,2026-06-03,2025,Aston Villa,Defender,28.8,22000000.0,16000000.0,15778182.0,16506167.0
425902,Ryan Yates,2026-06-03,2025,Nottingham Forest,Midfield,28.5,7000000.0,18000000.0,6971748.0,6361495.0
427568,Aaron Ramsdale,2026-06-03,2025,Newcastle United,Goalkeeper,28.1,12000000.0,17000000.0,7742205.0,6515118.0
429014,Morgan Gibbs-White,2026-06-03,2025,Nottingham Forest,Midfield,26.3,70000000.0,18000000.0,47282908.0,42211816.0
429915,Maxim De Cuyper,2026-06-03,2025,Brighton & Hove Albion,Defender,25.4,22000000.0,16000000.0,12507333.0,7352061.0
429983,Jørgen Strand Larsen,2026-06-03,2025,Crystal Palace,Attack,26.3,40000000.0,20000000.0,12607804.0,11109815.0
432164,Igor Jesus,2026-06-03,2025,Nottingham Forest,Attack,25.3,25000000.0,20000000.0,18944008.0,21964990.0
433177,Bukayo Saka,2026-06-03,2025,Arsenal FC,Attack,24.7,110000000.0,25000000.0,30623898.0,48646308.0
433188,Curtis Jones,2026-06-03,2025,Liverpool FC,Midfield,25.3,35000000.0,18000000.0,13483655.0,26813513.0
434224,Maxence Lacroix,2026-06-03,2025,Crystal Palace,Defender,26.2,50000000.0,16000000.0,19572769.0,13967614.0
434675,Cody Gakpo,2026-06-03,2025,Liverpool FC,Attack,27.1,60000000.0,20000000.0,20685790.0,48635442.0
435338,Gabriel,2026-06-03,2025,Arsenal FC,Defender,28.5,75000000.0,16000000.0,16311344.0,26101068.0
435648,Joshua Zirkzee,2026-06-03,2025,Manchester United,Attack,25.0,20000000.0,25000000.0,10794551.0,18587069.0
438001,Santiago Bueno,2026-06-03,2025,Wolverhampton Wanderers,Defender,27.6,10000000.0,16000000.0,16308200.0,19106056.0
445939,Omar Marmoush,2026-06-03,2025,Manchester City,Attack,27.3,50000000.0,20000000.0,15765932.0,31550873.0
447661,Douglas Luiz,2026-06-03,2025,Aston Villa,Midfield,28.1,18000000.0,18000000.0,7020274.0,7976103.0
450050,Jean-Ricner Bellegarde,2026-06-03,2025,Wolverhampton Wanderers,Midfield,27.9,16000000.0,18000000.0,8128683.0,9783868.0
451276,Dominik Szoboszlai,2026-06-03,2025,Liverpool FC,Midfield,25.6,100000000.0,18000000.0,40552377.0,77785607.0
455661,Nick Woltemade,2026-06-03,2025,Newcastle United,Attack,24.3,55000000.0,25000000.0,23589939.0,18429797.0
460939,Tijjani Reijnders,2026-06-03,2025,Manchester City,Midfield,27.8,50000000.0,18000000.0,15002692.0,34963970.0
461883,Calvin Bassey,2026-06-03,2025,Fulham FC,Defender,26.4,28000000.0,16000000.0,15217219.0,13419373.0
463603,Benoît Badiashile,2026-06-03,2025,Chelsea FC,Defender,25.2,15000000.0,16000000.0,8212751.0,17992977.0
463605,Bafodé Diakité,2026-06-03,2025,AFC Bournemouth,Defender,25.4,25000000.0,16000000.0,9890087.0,6260967.0
465555,Djordje Petrovic,2026-06-03,2025,AFC Bournemouth,Goalkeeper,26.7,28000000.0,17000000.0,19691164.0,12034108.0
465717,Jayden Bogle,2026-06-03,2025,Leeds United,Defender,25.9,15000000.0,16000000.0,19532276.0,14322739.0
466805,Nico González,2026-06-03,2025,Manchester City,Midfield,24.4,40000000.0,21500000.0,13932617.0,41873447.0
467623,Lyle Foster,2026-06-03,2025,Burnley FC,Attack,25.7,8000000.0,20000000.0,12441815.0,6650386.0
469050,Nathan Collins,2026-06-03,2025,Brentford FC,Defender,25.1,30000000.0,16000000.0,20985312.0,21336599.0
469781,Marcos Senesi,2026-06-03,2025,AFC Bournemouth,Defender,29.1,25000000.0,5000000.0,15587787.0,9700514.0
470607,Brennan Johnson,2026-06-03,2025,Crystal Palace,Attack,25.0,30000000.0,25000000.0,10067863.0,8434602.0
472423,Reece James,2026-06-03,2025,Chelsea FC,Defender,26.5,60000000.0,16000000.0,15874235.0,25469720.0
473050,Kevin Schade,2026-06-03,2025,Brentford FC,Attack,24.5,35000000.0,25000000.0,29902137.0,34161189.0
473169,Brian Brobbey,2026-06-03,2025,Sunderland AFC,Attack,24.3,30000000.0,25000000.0,20159010.0,6420413.0
474701,Crysencio Summerville,2026-06-03,2025,West Ham United,Attack,24.6,35000000.0,25000000.0,24852146.0,27332051.0
475188,Kiernan Dewsbury-Hall,2026-06-03,2025,Everton FC,Midfield,27.7,35000000.0,18000000.0,30284067.0,27088094.0
475411,Wesley Fofana,2026-06-03,2025,Chelsea FC,Defender,25.5,28000000.0,16000000.0,11398736.0,23384134.0
475959,Josko Gvardiol,2026-06-03,2025,Manchester City,Defender,24.4,70000000.0,18000000.0,18315384.0,41724968.0
476701,Manuel Ugarte,2026-06-03,2025,Manchester United,Midfield,25.1,25000000.0,18000000.0,8142940.0,16713097.0
477758,Aaron Wan-Bissaka,2026-06-03,2025,West Ham United,Defender,28.5,15000000.0,16000000.0,11057969.0,10188232.0
478573,Ryan Gravenberch,2026-06-03,2025,Liverpool FC,Midfield,24.0,80000000.0,21500000.0,35309208.0,71950245.0
479999,Eberechi Eze,2026-06-03,2025,Arsenal FC,Midfield,27.9,65000000.0,18000000.0,16262762.0,22526136.0
480762,Lisandro Martínez,2026-06-03,2025,Manchester United,Defender,28.4,40000000.0,16000000.0,6598821.0,13551013.0
483348,Djed Spence,2026-06-03,2025,Tottenham Hotspur,Defender,25.8,30000000.0,16000000.0,10768710.0,19329200.0
484547,Jeremie Frimpong,2026-06-03,2025,Liverpool FC,Defender,25.5,35000000.0,16000000.0,9950799.0,16926494.0
485585,Ian Maatsen,2026-06-03,2025,Aston Villa,Defender,24.2,30000000.0,18000000.0,11634569.0,10381539.0
485706,Amadou Onana,2026-06-03,2025,Aston Villa,Midfield,24.8,45000000.0,21500000.0,16258778.0,18791345.0
486049,Jérémy Doku,2026-06-03,2025,Manchester City,Attack,24.0,75000000.0,25000000.0,27343580.0,62804647.0
487465,Pedro Neto,2026-06-03,2025,Chelsea FC,Attack,26.2,60000000.0,20000000.0,22044650.0,52886612.0
487969,Randal Kolo Muani,2026-06-03,2025,Tottenham Hotspur,Attack,27.5,20000000.0,20000000.0,7364259.0,17551606.0
488362,Conor Gallagher,2026-06-03,2025,Tottenham Hotspur,Midfield,26.3,32000000.0,18000000.0,13123982.0,24830024.0
489359,Ao Tanaka,2026-06-03,2025,Leeds United,Midfield,27.7,13000000.0,18000000.0,8232676.0,6516256.0
493003,Daniel Muñoz,2026-06-03,2025,Crystal Palace,Defender,30.0,22000000.0,5000000.0,12618853.0,8002091.0
494237,Wilson Isidor,2026-06-03,2025,Sunderland AFC,Attack,25.8,18000000.0,20000000.0,11753467.0,3191439.0
494880,Jorge Cuenca,2026-06-03,2025,Fulham FC,Defender,26.5,8000000.0,16000000.0,7605042.0,6808076.0
495666,William Saliba,2026-06-03,2025,Arsenal FC,Defender,25.2,100000000.0,16000000.0,17120063.0,30977485.0
497291,Nicolás Domínguez,2026-06-03,2025,Nottingham Forest,Midfield,27.9,15000000.0,18000000.0,7634823.0,8273380.0
500689,Evann Guessand,2026-06-03,2025,Crystal Palace,Attack,24.9,25000000.0,25000000.0,9571267.0,7963945.0
502676,Giorgi Mamardashvili,2026-06-03,2025,Liverpool FC,Goalkeeper,25.7,28000000.0,17000000.0,10197943.0,20143435.0
502821,Riccardo Calafiori,2026-06-03,2025,Arsenal FC,Defender,24.0,55000000.0,18000000.0,15680519.0,23130928.0
503680,Neco Williams,2026-06-03,2025,Nottingham Forest,Defender,25.1,28000000.0,16000000.0,24877294.0,26692009.0
503686,Dan Ballard,2026-06-03,2025,Sunderland AFC,Defender,26.7,20000000.0,16000000.0,13824527.0,3736073.0
503733,Anthony Gordon,2026-06-03,2025,Newcastle United,Attack,25.3,65000000.0,20000000.0,19758186.0,18536679.0
503743,Morgan Rogers,2026-06-03,2025,Aston Villa,Midfield,23.9,90000000.0,21500000.0,60454300.0,53560195.0
503749,Jacob Ramsey,2026-06-03,2025,Newcastle United,Midfield,25.0,35000000.0,21500000.0,16258977.0,11393106.0
503883,Senne Lammens,2026-06-03,2025,Manchester United,Goalkeeper,23.9,35000000.0,15000000.0,23760411.0,43157531.0
503981,Tino Livramento,2026-06-03,2025,Newcastle United,Defender,23.6,45000000.0,18000000.0,14641799.0,12051446.0
503987,Noni Madueke,2026-06-03,2025,Arsenal FC,Attack,24.2,50000000.0,25000000.0,13035911.0,24439736.0
504849,Kaoru Mitoma,2026-06-03,2025,Brighton & Hove Albion,Attack,29.0,22000000.0,20000000.0,8782082.0,10108378.0
505219,James Garner,2026-06-03,2025,Everton FC,Midfield,25.2,45000000.0,18000000.0,36296085.0,39050721.0
514285,Quilindschy Hartman,2026-06-03,2025,Burnley FC,Defender,24.6,16000000.0,18000000.0,20628837.0,8483297.0
515544,Trai Hume,2026-06-03,2025,Sunderland AFC,Defender,24.2,22000000.0,18000000.0,22478709.0,6427621.0
517894,Matheus Cunha,2026-06-03,2025,Manchester United,Attack,27.0,75000000.0,20000000.0,23917603.0,47405737.0
520624,Bruno Guimarães,2026-06-03,2025,Newcastle United,Midfield,28.5,70000000.0,18000000.0,29318637.0,20238303.0
521964,Malick Thiaw,2026-06-03,2025,Newcastle United,Defender,24.8,45000000.0,18000000.0,23223843.0,19317560.0
522784,Taty Castellanos,2026-06-03,2025,West Ham United,Attack,27.7,28000000.0,20000000.0,14368896.0,16174691.0
525247,Maximilian Kilman,2026-06-03,2025,West Ham United,Defender,29.0,13000000.0,16000000.0,6888742.0,7073273.0
532776,Amine Adli,2026-06-03,2025,AFC Bournemouth,Attack,26.1,20000000.0,20000000.0,9759884.0,5500567.0
534033,Alexis Mac Allister,2026-06-03,2025,Liverpool FC,Midfield,27.4,70000000.0,18000000.0,16717490.0,34595660.0
536835,Amad Diallo,2026-06-03,2025,Manchester United,Attack,23.9,45000000.0,25000000.0,20315387.0,47164473.0
538977,Georginio Rutter,2026-06-03,2025,Brighton & Hove Albion,Attack,24.1,30000000.0,25000000.0,16980478.0,14710258.0
540664,Dilane Bakwa,2026-06-03,2025,Nottingham Forest,Attack,23.8,28000000.0,25000000.0,12771485.0,14967031.0
540941,Mikkel Damsgaard,2026-06-03,2025,Brentford FC,Midfield,25.9,30000000.0,18000000.0,19824000.0,16893607.0
541231,Sepp van den Berg,2026-06-03,2025,Brentford FC,Defender,24.5,32000000.0,18000000.0,20676510.0,21344522.0
543499,Mohammed Kudus,2026-06-03,2025,Tottenham Hotspur,Attack,25.8,50000000.0,20000000.0,20502770.0,37656872.0
553875,Pedro Porro,2026-06-03,2025,Tottenham Hotspur,Defender,26.7,35000000.0,16000000.0,15973620.0,28129949.0
556385,Destiny Udogie,2026-06-03,2025,Tottenham Hotspur,Defender,23.5,30000000.0,18000000.0,13639887.0,22458202.0
557459,Micky van de Ven,2026-06-03,2025,Tottenham Hotspur,Defender,25.1,50000000.0,16000000.0,24463583.0,41567525.0
565093,Bart Verbruggen,2026-06-03,2025,Brighton & Hove Albion,Goalkeeper,23.8,40000000.0,15000000.0,28333863.0,23068723.0
566931,Xavi Simons,2026-06-03,2025,Tottenham Hotspur,Midfield,23.1,40000000.0,21500000.0,26911371.0,37556958.0
567576,Elliot Anderson,2026-06-03,2025,Nottingham Forest,Midfield,23.6,75000000.0,21500000.0,41406151.0,47206114.0
568157,Yéremy Pino,2026-06-03,2025,Crystal Palace,Attack,23.6,30000000.0,25000000.0,15489058.0,13113872.0
568177,Cole Palmer,2026-06-03,2025,Chelsea FC,Midfield,24.1,100000000.0,21500000.0,39202763.0,64845212.0
568559,Radu Drăgușin,2026-06-03,2025,Tottenham Hotspur,Defender,24.3,16000000.0,18000000.0,8904643.0,15839269.0
568693,Pape Matar Sarr,2026-06-03,2025,Tottenham Hotspur,Midfield,23.7,30000000.0,21500000.0,22076291.0,29501553.0
571743,Armando Broja,2026-06-03,2025,Burnley FC,Attack,24.7,5000000.0,25000000.0,8800950.0,4861837.0
576314,Jan Paul van Hecke,2026-06-03,2025,Brighton & Hove Albion,Defender,26.0,45000000.0,16000000.0,24131759.0,19664027.0
578391,Rayan Aït-Nouri,2026-06-03,2025,Manchester City,Defender,25.0,40000000.0,18000000.0,11684267.0,27077218.0
578539,Chris Richards,2026-06-03,2025,Crystal Palace,Defender,26.2,28000000.0,16000000.0,16193834.0,12054211.0
583189,Anthony Elanga,2026-06-03,2025,Newcastle United,Attack,24.1,32000000.0,25000000.0,7857860.0,8255285.0
583255,Antoine Semenyo,2026-06-03,2025,Manchester City,Attack,26.4,80000000.0,20000000.0,41992967.0,118954081.0
584769,Dwight McNeil,2026-06-03,2025,Everton FC,Attack,26.5,18000000.0,20000000.0,7280768.0,10634283.0
591949,Aaron Hickey,2026-06-03,2025,Brentford FC,Defender,24.0,16000000.0,18000000.0,7376377.0,6868936.0
595809,Beto,2026-06-03,2025,Everton FC,Attack,28.3,18000000.0,20000000.0,11424594.0,10348816.0
598577,Florian Wirtz,2026-06-03,2025,Liverpool FC,Midfield,23.1,100000000.0,21500000.0,34395161.0,60175047.0
601883,Matheus Nunes,2026-06-03,2025,Manchester City,Defender,27.8,50000000.0,16000000.0,18335191.0,44652751.0
605184,Jean-Clair Todibo,2026-06-03,2025,West Ham United,Defender,26.4,22000000.0,16000000.0,11439452.0,10902008.0
606718,Toti,2026-06-03,2025,Wolverhampton Wanderers,Defender,27.4,18000000.0,16000000.0,8228217.0,10746506.0
607223,Rayan Cherki,2026-06-03,2025,Manchester City,Midfield,22.8,90000000.0,21500000.0,49181746.0,66775987.0
607224,Hannibal,2026-06-03,2025,Burnley FC,Midfield,23.4,15000000.0,21500000.0,19132114.0,6913960.0
607226,Loum Tchaouna,2026-06-03,2025,Burnley FC,Attack,22.7,13000000.0,25000000.0,12848903.0,6943123.0
608832,Merlin Röhl,2026-06-03,2025,Everton FC,Midfield,23.9,16000000.0,21500000.0,12594954.0,13176667.0
609556,William Osula,2026-06-03,2025,Newcastle United,Attack,22.8,28000000.0,25000000.0,30169776.0,18342068.0
610849,Liam Delap,2026-06-03,2025,Chelsea FC,Attack,23.3,28000000.0,25000000.0,10086067.0,24308973.0
611793,James Hill,2026-06-03,2025,AFC Bournemouth,Defender,24.4,23000000.0,18000000.0,16556737.0,9008014.0
612517,Bashir Humphreys,2026-06-03,2025,Burnley FC,Defender,23.2,12000000.0,18000000.0,17685045.0,7925649.0
620322,Malo Gusto,2026-06-03,2025,Chelsea FC,Defender,23.0,35000000.0,18000000.0,21342697.0,36097268.0
623570,Iliman Ndiaye,2026-06-03,2025,Everton FC,Attack,26.2,55000000.0,20000000.0,22797621.0,31093300.0
624258,Conor Bradley,2026-06-03,2025,Liverpool FC,Defender,22.9,25000000.0,18000000.0,15924787.0,26922169.0
626724,João Pedro,2026-06-03,2025,Chelsea FC,Attack,24.7,80000000.0,25000000.0,52242650.0,87540812.0
627442,Benjamin Sesko,2026-06-03,2025,Manchester United,Attack,23.0,75000000.0,25000000.0,33426217.0,51535789.0
627626,Wilfried Gnonto,2026-06-03,2025,Leeds United,Attack,22.6,16000000.0,25000000.0,14742388.0,8965544.0
633992,Enzo Le Fée,2026-06-03,2025,Sunderland AFC,Midfield,26.3,28000000.0,18000000.0,29480740.0,8051755.0
644401,Keane Lewis-Potter,2026-06-03,2025,Brentford FC,Midfield,25.3,25000000.0,18000000.0,16295879.0,14068006.0
645686,Lamare Bogarde,2026-06-03,2025,Aston Villa,Midfield,22.4,18000000.0,21500000.0,10594335.0,11234737.0
646750,Cristhian Mosquera,2026-06-03,2025,Arsenal FC,Defender,21.9,40000000.0,18000000.0,12018814.0,19270597.0
646991,Robin Roefs,2026-06-03,2025,Sunderland AFC,Goalkeeper,23.4,28000000.0,15000000.0,27453799.0,7765226.0
648195,Enzo Fernández,2026-06-03,2025,Chelsea FC,Midfield,25.4,90000000.0,18000000.0,42484843.0,80130438.0
654539,Adrien Truffert,2026-06-03,2025,AFC Bournemouth,Defender,24.5,30000000.0,18000000.0,29731139.0,16988596.0
655488,Gabriel Martinelli,2026-06-03,2025,Arsenal FC,Attack,25.0,45000000.0,25000000.0,11077476.0,16986144.0
659813,Piero Hincapié,2026-06-03,2025,Arsenal FC,Defender,24.4,50000000.0,18000000.0,16034573.0,24506373.0
661053,Jarrad Branthwaite,2026-06-03,2025,Everton FC,Defender,23.9,40000000.0,18000000.0,16015678.0,13665443.0
661207,Oscar Bobb,2026-06-03,2025,Fulham FC,Attack,22.9,28000000.0,25000000.0,10346540.0,11215779.0
661427,David Møller Wolfe,2026-06-03,2025,Wolverhampton Wanderers,Defender,24.1,8000000.0,18000000.0,11542257.0,11122065.0
667121,Rodrigo Gomes,2026-06-03,2025,Wolverhampton Wanderers,Midfield,22.9,15000000.0,21500000.0,18491614.0,18864012.0
667287,Yasin Ayari,2026-06-03,2025,Brighton & Hove Albion,Midfield,22.7,35000000.0,21500000.0,27436785.0,20123326.0
670858,Lewis Hall,2026-06-03,2025,Newcastle United,Defender,21.7,40000000.0,18000000.0,22314677.0,17226671.0
670882,Jamie Gittens,2026-06-03,2025,Chelsea FC,Attack,21.8,30000000.0,25000000.0,15794649.0,31516562.0
673492,Morato,2026-06-03,2025,Nottingham Forest,Defender,24.9,14000000.0,18000000.0,11280297.0,12053915.0
683571,Tolu Arokodare,2026-06-03,2025,Wolverhampton Wanderers,Attack,25.5,20000000.0,20000000.0,9449493.0,12394591.0
684210,Jaidon Anthony,2026-06-03,2025,Burnley FC,Attack,26.5,20000000.0,20000000.0,21689809.0,11848815.0
687626,Moisés Caicedo,2026-06-03,2025,Chelsea FC,Midfield,24.6,100000000.0,21500000.0,26415972.0,61616978.0
689637,Chadi Riad,2026-06-03,2025,Crystal Palace,Defender,23.0,15000000.0,18000000.0,14142150.0,8408509.0
696589,Tim Iroegbunam,2026-06-03,2025,Everton FC,Midfield,22.9,18000000.0,21500000.0,16802876.0,15527808.0
698164,Freddie Potts,2026-06-03,2025,West Ham United,Midfield,22.7,10000000.0,21500000.0,14846815.0,13881006.0
698678,Hugo Bueno,2026-06-03,2025,Wolverhampton Wanderers,Defender,23.7,12000000.0,18000000.0,17601641.0,18609105.0
708072,Nicolò Savona,2026-06-03,2025,Nottingham Forest,Defender,23.2,15000000.0,18000000.0,17076859.0,16909812.0
709726,Hugo Ekitiké,2026-06-03,2025,Liverpool FC,Attack,24.0,80000000.0,25000000.0,39286096.0,63714262.0
711337,Evanilson,2026-06-03,2025,AFC Bournemouth,Attack,26.7,35000000.0,20000000.0,18719577.0,14136682.0
711544,Jake O'Brien,2026-06-03,2025,Everton FC,Defender,25.1,18000000.0,16000000.0,20696369.0,22302194.0
711999,Lesley Ugochukwu,2026-06-03,2025,Burnley FC,Midfield,22.2,22000000.0,21500000.0,27784838.0,12578255.0
716276,Yerson Mosquera,2026-06-03,2025,Wolverhampton Wanderers,Defender,25.1,12000000.0,16000000.0,13620705.0,17329277.0
717411,Yegor Yarmolyuk,2026-06-03,2025,Brentford FC,Midfield,22.3,32000000.0,21500000.0,27047506.0,28219989.0
725912,Antonín Kinský,2026-06-03,2025,Tottenham Hotspur,Goalkeeper,23.2,15000000.0,15000000.0,13126741.0,21314681.0
727089,Noah Sadiki,2026-06-03,2025,Sunderland AFC,Midfield,21.5,35000000.0,21500000.0,34899969.0,11979209.0
730861,Milos Kerkez,2026-06-03,2025,Liverpool FC,Defender,22.6,35000000.0,18000000.0,19836142.0,35337310.0
730893,Tyrick Mitchell,2026-06-03,2025,Crystal Palace,Defender,26.8,25000000.0,16000000.0,18320770.0,13107629.0
735570,João Gomes,2026-06-03,2025,Wolverhampton Wanderers,Midfield,25.3,40000000.0,18000000.0,20747089.0,28960496.0
735571,Rodrigo Muniz,2026-06-03,2025,Fulham FC,Attack,25.1,20000000.0,20000000.0,9578881.0,10125329.0
739443,Igor Thiago,2026-06-03,2025,Brentford FC,Attack,24.9,65000000.0,25000000.0,56788542.0,57294530.0
741238,Omari Hutchinson,2026-06-03,2025,Nottingham Forest,Midfield,22.6,30000000.0,21500000.0,27352932.0,21298553.0
741257,Álex Jiménez,2026-06-03,2025,AFC Bournemouth,Defender,21.1,22000000.0,18000000.0,23988321.0,13783796.0
743384,Chemsdine Talbi,2026-06-03,2025,Sunderland AFC,Attack,21.1,25000000.0,25000000.0,24405420.0,7344077.0
743413,Nico O'Reilly,2026-06-03,2025,Manchester City,Defender,21.2,70000000.0,18000000.0,39013687.0,84126488.0
743498,Wilson Odobert,2026-06-03,2025,Tottenham Hotspur,Attack,21.5,18000000.0,25000000.0,13351163.0,26006101.0
743591,Savinho,2026-06-03,2025,Manchester City,Attack,22.1,35000000.0,25000000.0,14296828.0,38216283.0
743600,Andrey Santos,2026-06-03,2025,Chelsea FC,Midfield,22.1,40000000.0,21500000.0,14687500.0,30082932.0
744149,Adam Wharton,2026-06-03,2025,Crystal Palace,Midfield,22.3,70000000.0,21500000.0,32702255.0,21160956.0
745181,Soungoutou Magassa,2026-06-03,2025,West Ham United,Midfield,22.7,17000000.0,21500000.0,13770144.0,12589199.0
747009,Justin Devenny,2026-06-03,2025,Crystal Palace,Midfield,22.6,12000000.0,21500000.0,13230956.0,8722087.0
748319,Carlos Alcaraz,2026-06-03,2025,Everton FC,Midfield,23.5,15000000.0,21500000.0,11370625.0,11046209.0
763079,Abdukodir Khusanov,2026-06-03,2025,Manchester City,Defender,22.3,50000000.0,18000000.0,14700751.0,39924883.0
800176,André,2026-06-03,2025,Wolverhampton Wanderers,Midfield,24.9,25000000.0,21500000.0,19924400.0,28241261.0
801734,Mathys Tel,2026-06-03,2025,Tottenham Hotspur,Attack,21.1,22000000.0,25000000.0,19214553.0,32773586.0
811779,Alejandro Garnacho,2026-06-03,2025,Chelsea FC,Attack,21.9,28000000.0,25000000.0,20110343.0,41944245.0
817665,Pablo,2026-06-03,2025,West Ham United,Attack,22.4,18000000.0,25000000.0,13097517.0,16089055.0
820374,Kobbie Mainoo,2026-06-03,2025,Manchester United,Midfield,21.1,70000000.0,21500000.0,23839278.0,41191039.0
823231,Dango Ouattara,2026-06-03,2025,Brentford FC,Attack,24.3,35000000.0,25000000.0,33587982.0,30522771.0
823486,Michael Kayode,2026-06-03,2025,Brentford FC,Defender,21.9,40000000.0,18000000.0,33690191.0,34399234.0
842341,Maxime Estève,2026-06-03,2025,Burnley FC,Defender,24.0,28000000.0,18000000.0,21033752.0,10991418.0
848509,Jackson Tchatchoua,2026-06-03,2025,Wolverhampton Wanderers,Defender,24.7,12000000.0,18000000.0,11219098.0,12400467.0
855256,Alex Scott,2026-06-03,2025,AFC Bournemouth,Midfield,22.8,50000000.0,21500000.0,30289871.0,19179650.0
866246,Lucas Bergvall,2026-06-03,2025,Tottenham Hotspur,Midfield,20.3,35000000.0,18000000.0,27330763.0,34198642.0
867688,Jack Hinshelwood,2026-06-03,2025,Brighton & Hove Albion,Midfield,21.1,28000000.0,21500000.0,39452384.0,25114068.0
876631,Habib Diarra,2026-06-03,2025,Sunderland AFC,Midfield,22.4,35000000.0,21500000.0,28450369.0,7207068.0
880245,Mateus Fernandes,2026-06-03,2025,West Ham United,Midfield,21.9,50000000.0,21500000.0,43960450.0,40004220.0
890721,Myles Lewis-Skelly,2026-06-03,2025,Arsenal FC,Defender,19.7,45000000.0,15000000.0,13144185.0,19598965.0
900195,Kevin,2026-06-03,2025,Fulham FC,Attack,23.4,25000000.0,25000000.0,11773767.0,10659214.0
904802,Jorrel Hato,2026-06-03,2025,Chelsea FC,Defender,20.2,40000000.0,15000000.0,15450103.0,29437914.0
922563,Oliver Scarles,2026-06-03,2025,West Ham United,Defender,20.5,10000000.0,15000000.0,17632213.0,13479352.0
922693,Archie Gray,2026-06-03,2025,Tottenham Hotspur,Midfield,20.2,35000000.0,18000000.0,30930964.0,46808793.0
922769,Lewis Miley,2026-06-03,2025,Newcastle United,Midfield,20.1,25000000.0,18000000.0,35012540.0,24209431.0
923831,Leny Yoro,2026-06-03,2025,Manchester United,Defender,20.6,50000000.0,15000000.0,18558154.0,28061306.0
926952,Patrick Dorgu,2026-06-03,2025,Manchester United,Attack,21.6,35000000.0,25000000.0,28554756.0,48070488.0
927768,Lucas Pires,2026-06-03,2025,Burnley FC,Defender,25.2,4000000.0,16000000.0,10378261.0,5239464.0
937941,Thierno Barry,2026-06-03,2025,Everton FC,Attack,23.6,30000000.0,25000000.0,17890544.0,18551175.0
947411,Chris Rigg,2026-06-03,2025,Sunderland AFC,Midfield,19.0,25000000.0,18000000.0,26946028.0,6591742.0
955357,Junior Kroupi,2026-06-03,2025,AFC Bournemouth,Attack,19.9,70000000.0,22000000.0,50019184.0,22565405.0
967346,Eliezer Mayenda,2026-06-03,2025,Sunderland AFC,Attack,21.1,16000000.0,25000000.0,15815305.0,5189284.0
973085,Carlos Baleba,2026-06-03,2025,Brighton & Hove Albion,Midfield,22.4,55000000.0,21500000.0,14333311.0,12674662.0
984096,Jair Cunha,2026-06-03,2025,Nottingham Forest,Defender,21.2,15000000.0,18000000.0,13544801.0,14756213.0
996897,Diego Gómez,2026-06-03,2025,Brighton & Hove Albion,Midfield,23.2,25000000.0,21500000.0,26317015.0,20179661.0
1004708,Josh Acheampong,2026-06-03,2025,Chelsea FC,Defender,20.1,25000000.0,15000000.0,16996170.0,28757965.0
1005649,Murillo,2026-06-03,2025,Nottingham Forest,Defender,23.9,50000000.0,18000000.0,18006229.0,20595818.0
1006411,Jaydee Canvot,2026-06-03,2025,Crystal Palace,Defender,19.8,28000000.0,15000000.0,19514181.0,12770248.0
1011131,Josh King,2026-06-03,2025,Fulham FC,Midfield,19.4,25000000.0,18000000.0,22378959.0,14900857.0
1012534,Yankuba Minteh,2026-06-03,2025,Brighton & Hove Albion,Attack,21.9,45000000.0,25000000.0,26953770.0,26028884.0
1012564,Rayan,2026-06-03,2025,AFC Bournemouth,Attack,19.8,60000000.0,22000000.0,46481972.0,25529661.0
1056993,Estêvão,2026-06-03,2025,Chelsea FC,Attack,19.1,80000000.0,22000000.0,26700954.0,49425150.0
1078163,Ayden Heaven,2026-06-03,2025,Manchester United,Defender,19.7,30000000.0,15000000.0,19267201.0,30587061.0
1107733,Harrison Armstrong,2026-06-03,2025,Everton FC,Midfield,19.4,12000000.0,18000000.0,17463386.0,19223944.0
1108466,Rio Ngumoha,2026-06-03,2025,Liverpool FC,Attack,17.8,30000000.0,22000000.0,32316647.0,54842079.0
1111589,El Hadji Malick Diouf,2026-06-03,2025,West Ham United,Defender,21.4,28000000.0,18000000.0,34388747.0,27681507.0
1230661,Mateus Mané,2026-06-03,2025,Wolverhampton Wanderers,Midfield,18.7,20000000.0,18000000.0,42390708.0,43212102.0
